User_ID,Full_Name,Username,Email,Phone,Role,Gender,Language,Date_Format,Time_Format,Timezone,Low_Stock_Alerts,Expiry_Alerts,Email_Notifications,Dark_Mode,Account_Status,Last_Login
USR00001,Sanjay Joshi,user0001,user0001@aismartpharmacy.example,9280709515,Pharmacist,Male,Hindi,dd/mm/yyyy,24 Hour (13:30),(GMT+05:30) Asia/Kolkata,False,True,True,True,Active,2026-07-11 00:00:00
USR00002,Asha Singh,user0002,user0002@aismartpharmacy.example,9177803614,Inventory Manager,Female,English,dd/mm/yyyy,24 Hour (13:30),(GMT+05:30) Asia/Kolkata,False,False,False,True,Inactive,2026-06-03 00:00:00
USR00003,Ankit Shah,user0003,user0003@aismartpharmacy.example,9309986710,Inventory Manager,Male,Hindi,mm/dd/yyyy,24 Hour (13:30),(GMT+05:30) Asia/Kolkata,False,True,True,False,Inactive,2026-07-14 00:00:00
USR00004,Shreya Mehta,user0004,user0004@aismartpharmacy.example,9178909775,Pharmacist,Female,Hindi,yyyy-mm-dd,12 Hour (01:30 PM),(GMT+05:30) Asia/Kolkata,False,False,True,True,Inactive,2026-07-22 00:00:00
USR00005,Arjun Desai,user0005,user0005@aismartpharmacy.example,9801084706,Receptionist,Male,Hindi,dd/mm/yyyy,12 Hour (01:30 PM),(GMT+05:30) Asia/Kolkata,True,False,False,True,Active,2026-07-18 00:00:00
USR00006,Priya Yadav,user0006,user0006@aismartpharmacy.example,9115476587,Inventory Manager,Female,English,mm/dd/yyyy,24 Hour (13:30),(GMT+05:30) Asia/Kolkata,True,True,True,True,Inactive,2026-06-21 00:00:00
USR00007,Nikhil Verma,user0007,user0007@aismartpharmacy.example,9648978812,Receptionist,Male,English,dd/mm/yyyy,12 Hour (01:30 PM),(GMT+05:30) Asia/Kolkata,True,False,True,True,Active,2026-06-21 00:00:00
USR00008,Simran Patil,user0008,user0008@aismartpharmacy.example,9869088091,Receptionist,Female,Hindi,mm/dd/yyyy,24 Hour (13:30),(GMT+05:30) Asia/Kolkata,True,True,True,False,Active,2026-07-31 00:00:00
USR00009,Amit Shah,user0009,user0009@aismartpharmacy.example,9582313142,Pharmacist,Male,Marathi,mm/dd/yyyy,12 Hour (01:30 PM),(GMT+05:30) Asia/Kolkata,False,False,True,False,Active,2026-06-30 00:00:00
USR00010,Nisha Pawar,user0010,user0010@aismartpharmacy.example,9561582241,Pharmacy Manager,Female,Marathi,mm/dd/yyyy,24 Hour (13:30),(GMT+05:30) Asia/Kolkata,True,True,False,False,Inactive,2026-07-26 00:00:00
USR00011,Akash Pawar,user0011,user0011@aismartpharmacy.example,9120920984,Pharmacist,Male,Hindi,dd/mm/yyyy,12 Hour (01:30 PM),(GMT+05:30) Asia/Kolkata,True,False,False,True,Active,2026-07-04 00:00:00
USR00012,Swati Verma,user0012,user0012@aismartpharmacy.example,9323328881,Administrator,Female,English,dd/mm/yyyy,12 Hour (01:30 PM),(GMT+05:30) Asia/Kolkata,False,True,False,True,Active,2026-07-16 00:00:00
USR00013,Arjun Sharma,user0013,user0013@aismartpharmacy.example,9264863105,Administrator,Male,Marathi,yyyy-mm-dd,12 Hour (01:30 PM),(GMT+05:30) Asia/Kolkata,True,True,False,True,Inactive,2026-07-19 00:00:00
USR00014,Simran Gupta,user0014,user0014@aismartpharmacy.example,9966379282,Pharmacy Manager,Female,Marathi,dd/mm/yyyy,24 Hour (13:30),(GMT+05:30) Asia/Kolkata,True,True,True,False,Inactive,2026-07-17 00:00:00
USR00015,Amit Desai,user0015,user0015@aismartpharmacy.example,9942414476,Receptionist,Male,Marathi,mm/dd/yyyy,24 Hour (13:30),(GMT+05:30) Asia/Kolkata,False,True,True,True,Active,2026-07-15 00:00:00
USR00016,Kavita Singh,user0016,user0016@aismartpharmacy.example,9371357071,Pharmacist,Female,English,mm/dd/yyyy,12 Hour (01:30 PM),(GMT+05:30) Asia/Kolkata,False,False,False,False,Active,2026-07-30 00:00:00
USR00017,Akash Kumar,user0017,user0017@aismartpharmacy.example,9408587274,Doctor,Male,Marathi,mm/dd/yyyy,12 Hour (01:30 PM),(GMT+05:30) Asia/Kolkata,True,False,True,False,Inactive,2026-07-12 00:00:00
USR00018,Neha Shah,user0018,user0018@aismartpharmacy.example,9543320252,Administrator,Female,English,yyyy-mm-dd,12 Hour (01:30 PM),(GMT+05:30) Asia/Kolkata,True,False,True,True,Inactive,2026-07-31 00:00:00
USR00019,Arjun Mishra,user0019,user0019@aismartpharmacy.example,9119497461,Administrator,Male,Marathi,mm/dd/yyyy,24 Hour (13:30),(GMT+05:30) Asia/Kolkata,True,True,True,False,Active,2026-06-16 00:00:00
USR00020,Kavita Gupta,user0020,user0020@aismartpharmacy.example,9271580966,Administrator,Female,English,yyyy-mm-dd,12 Hour (01:30 PM),(GMT+05:30) Asia/Kolkata,True,True,False,True,Inactive,2026-06-20 00:00:00
USR00021,Aditya Kulkarni,user0021,user0021@aismartpharmacy.example,9426590031,Pharmacy Manager,Male,Hindi,mm/dd/yyyy,12 Hour (01:30 PM),(GMT+05:30) Asia/Kolkata,False,False,False,True,Inactive,2026-06-14 00:00:00
USR00022,Divya Kulkarni,user0022,user0022@aismartpharmacy.example,9313113368,Inventory Manager,Female,Hindi,dd/mm/yyyy,12 Hour (01:30 PM),(GMT+05:30) Asia/Kolkata,True,True,False,True,Inactive,2026-07-11 00:00:00
USR00023,Nikhil Kulkarni,user0023,user0023@aismartpharmacy.example,9567509269,Pharmacy Manager,Male,Hindi,mm/dd/yyyy,12 Hour (01:30 PM),(GMT+05:30) Asia/Kolkata,False,True,True,True,Inactive,2026-07-14 00:00:00
USR00024,Asha Shah,user0024,user0024@aismartpharmacy.example,9120058576,Pharmacy Manager,Female,English,mm/dd/yyyy,24 Hour (13:30),(GMT+05:30) Asia/Kolkata,True,False,True,False,Active,2026-06-10 00:00:00
USR00025,Pranav Mishra,user0025,user0025@aismartpharmacy.example,9432321238,Pharmacy Manager,Male,English,yyyy-mm-dd,12 Hour (01:30 PM),(GMT+05:30) Asia/Kolkata,False,False,False,False,Active,2026-07-29 00:00:00
USR00026,Kavita Pawar,user0026,user0026@aismartpharmacy.example,9951962204,Doctor,Female,Marathi,mm/dd/yyyy,24 Hour (13:30),(GMT+05:30) Asia/Kolkata,False,False,False,True,Active,2026-06-18 00:00:00
USR00027,Sanjay Yadav,user0027,user0027@aismartpharmacy.example,9582338728,Inventory Manager,Male,Marathi,dd/mm/yyyy,12 Hour (01:30 PM),(GMT+05:30) Asia/Kolkata,False,False,False,False,Active,2026-07-03 00:00:00
USR00028,Divya Singh,user0028,user0028@aismartpharmacy.example,9449114796,Administrator,Female,English,dd/mm/yyyy,24 Hour (13:30),(GMT+05:30) Asia/Kolkata,True,False,False,True,Active,2026-06-05 00:00:00
USR00029,Arjun Kulkarni,user0029,user0029@aismartpharmacy.example,9280267011,Pharmacy Manager,Male,English,dd/mm/yyyy,12 Hour (01:30 PM),(GMT+05:30) Asia/Kolkata,False,False,True,True,Active,2026-07-14 00:00:00
USR00030,Simran Desai,user0030,user0030@aismartpharmacy.example,9830959104,Administrator,Female,English,dd/mm/yyyy,12 Hour (01:30 PM),(GMT+05:30) Asia/Kolkata,True,False,False,False,Active,2026-06-14 00:00:00
USR00031,Amit Pawar,user0031,user0031@aismartpharmacy.example,9364587990,Administrator,Male,Marathi,yyyy-mm-dd,24 Hour (13:30),(GMT+05:30) Asia/Kolkata,True,False,True,False,Inactive,2026-06-02 00:00:00
USR00032,Priya Jain,user0032,user0032@aismartpharmacy.example,9940896355,Pharmacy Manager,Female,English,yyyy-mm-dd,24 Hour (13:30),(GMT+05:30) Asia/Kolkata,False,True,False,False,Active,2026-06-27 00:00:00
USR00033,Ankit Yadav,user0033,user0033@aismartpharmacy.example,9377243006,Pharmacy Manager,Male,Marathi,mm/dd/yyyy,24 Hour (13:30),(GMT+05:30) Asia/Kolkata,True,True,True,True,Inactive,2026-07-16 00:00:00
USR00034,Simran Shah,user0034,user0034@aismartpharmacy.example,9405551653,Inventory Manager,Female,Marathi,yyyy-mm-dd,24 Hour (13:30),(GMT+05:30) Asia/Kolkata,False,False,False,False,Inactive,2026-07-14 00:00:00
USR00035,Amit Mishra,user0035,user0035@aismartpharmacy.example,9146401617,Receptionist,Male,Hindi,yyyy-mm-dd,12 Hour (01:30 PM),(GMT+05:30) Asia/Kolkata,False,True,False,False,Inactive,2026-06-20 00:00:00
USR00036,Anjali Singh,user0036,user0036@aismartpharmacy.example,9925269638,Receptionist,Female,Hindi,yyyy-mm-dd,12 Hour (01:30 PM),(GMT+05:30) Asia/Kolkata,False,True,False,True,Inactive,2026-06-24 00:00:00
USR00037,Akash Jain,user0037,user0037@aismartpharmacy.example,9653398565,Pharmacy Manager,Male,Marathi,yyyy-mm-dd,24 Hour (13:30),(GMT+05:30) Asia/Kolkata,True,False,False,False,Inactive,2026-07-03 00:00:00
USR00038,Asha Yadav,user0038,user0038@aismartpharmacy.example,9339410417,Administrator,Female,Hindi,mm/dd/yyyy,24 Hour (13:30),(GMT+05:30) Asia/Kolkata,True,False,False,False,Active,2026-07-12 00:00:00
USR00039,Akash Sharma,user0039,user0039@aismartpharmacy.example,9624851130,Administrator,Male,English,dd/mm/yyyy,24 Hour (13:30),(GMT+05:30) Asia/Kolkata,True,False,False,False,Active,2026-06-05 00:00:00
USR00040,Swati Kulkarni,user0040,user0040@aismartpharmacy.example,9783781311,Pharmacy Manager,Female,Hindi,yyyy-mm-dd,12 Hour (01:30 PM),(GMT+05:30) Asia/Kolkata,True,False,True,False,Active,2026-07-22 00:00:00
USR00041,Sanjay Patil,user0041,user0041@aismartpharmacy.example,9868258569,Administrator,Male,Marathi,mm/dd/yyyy,24 Hour (13:30),(GMT+05:30) Asia/Kolkata,True,True,True,False,Inactive,2026-07-23 00:00:00
USR00042,Asha Gupta,user0042,user0042@aismartpharmacy.example,9832418524,Pharmacist,Female,Marathi,dd/mm/yyyy,12 Hour (01:30 PM),(GMT+05:30) Asia/Kolkata,True,True,False,False,Active,2026-07-21 00:00:00
USR00043,Aditya Patil,user0043,user0043@aismartpharmacy.example,9436684605,Administrator,Male,Marathi,yyyy-mm-dd,24 Hour (13:30),(GMT+05:30) Asia/Kolkata,True,False,False,True,Inactive,2026-06-23 00:00:00
USR00044,Isha Sharma,user0044,user0044@aismartpharmacy.example,9302265648,Pharmacy Manager,Female,English,dd/mm/yyyy,24 Hour (13:30),(GMT+05:30) Asia/Kolkata,False,False,True,False,Inactive,2026-06-11 00:00:00
USR00045,Manish Gupta,user0045,user0045@aismartpharmacy.example,9135841318,Inventory Manager,Male,English,yyyy-mm-dd,24 Hour (13:30),(GMT+05:30) Asia/Kolkata,False,False,False,False,Active,2026-06-03 00:00:00
USR00046,Neha Sharma,user0046,user0046@aismartpharmacy.example,9143974575,Receptionist,Female,English,mm/dd/yyyy,24 Hour (13:30),(GMT+05:30) Asia/Kolkata,True,True,False,False,Inactive,2026-06-02 00:00:00
USR00047,Pranav Yadav,user0047,user0047@aismartpharmacy.example,9487031515,Inventory Manager,Male,Hindi,mm/dd/yyyy,24 Hour (13:30),(GMT+05:30) Asia/Kolkata,True,True,True,True,Active,2026-06-21 00:00:00
USR00048,Neha Joshi,user0048,user0048@aismartpharmacy.example,9826924077,Administrator,Female,English,mm/dd/yyyy,24 Hour (13:30),(GMT+05:30) Asia/Kolkata,True,False,False,True,Active,2026-07-21 00:00:00
USR00049,Deepak Verma,user0049,user0049@aismartpharmacy.example,9680916213,Administrator,Male,English,yyyy-mm-dd,12 Hour (01:30 PM),(GMT+05:30) Asia/Kolkata,False,False,False,False,Inactive,2026-06-26 00:00:00
USR00050,Isha Gupta,user0050,user0050@aismartpharmacy.example,9366644863,Administrator,Female,English,mm/dd/yyyy,24 Hour (13:30),(GMT+05:30) Asia/Kolkata,False,False,False,False,Active,2026-07-23 00:00:00
USR00051,Karan Patil,user0051,user0051@aismartpharmacy.example,9857731867,Doctor,Male,Hindi,dd/mm/yyyy,24 Hour (13:30),(GMT+05:30) Asia/Kolkata,False,False,False,True,Active,2026-06-20 00:00:00
USR00052,Neha Joshi,user0052,user0052@aismartpharmacy.example,9540172435,Pharmacy Manager,Female,Marathi,yyyy-mm-dd,12 Hour (01:30 PM),(GMT+05:30) Asia/Kolkata,False,False,True,True,Active,2026-06-17 00:00:00
USR00053,Raj Mishra,user0053,user0053@aismartpharmacy.example,9362203964,Receptionist,Male,Marathi,mm/dd/yyyy,12 Hour (01:30 PM),(GMT+05:30) Asia/Kolkata,False,True,True,True,Active,2026-07-28 00:00:00
USR00054,Nisha Joshi,user0054,user0054@aismartpharmacy.example,9502142878,Doctor,Female,Marathi,dd/mm/yyyy,24 Hour (13:30),(GMT+05:30) Asia/Kolkata,True,False,True,False,Inactive,2026-07-30 00:00:00
USR00055,Pranav Pawar,user0055,user0055@aismartpharmacy.example,9172085725,Doctor,Male,Marathi,dd/mm/yyyy,12 Hour (01:30 PM),(GMT+05:30) Asia/Kolkata,True,True,True,True,Inactive,2026-07-12 00:00:00
USR00056,Nisha Sharma,user0056,user0056@aismartpharmacy.example,9590802884,Receptionist,Female,Marathi,mm/dd/yyyy,12 Hour (01:30 PM),(GMT+05:30) Asia/Kolkata,True,False,True,True,Active,2026-06-18 00:00:00
USR00057,Sanjay Yadav,user0057,user0057@aismartpharmacy.example,9836863586,Pharmacy Manager,Male,Marathi,yyyy-mm-dd,12 Hour (01:30 PM),(GMT+05:30) Asia/Kolkata,True,False,True,True,Active,2026-06-07 00:00:00
USR00058,Kavita Patil,user0058,user0058@aismartpharmacy.example,9126725997,Receptionist,Female,English,dd/mm/yyyy,12 Hour (01:30 PM),(GMT+05:30) Asia/Kolkata,False,True,True,True,Active,2026-06-29 00:00:00
USR00059,Sanjay Kulkarni,user0059,user0059@aismartpharmacy.example,9597465689,Receptionist,Male,Marathi,mm/dd/yyyy,12 Hour (01:30 PM),(GMT+05:30) Asia/Kolkata,False,True,False,False,Inactive,2026-06-30 00:00:00
USR00060,Isha Kumar,user0060,user0060@aismartpharmacy.example,9674932741,Receptionist,Female,English,yyyy-mm-dd,12 Hour (01:30 PM),(GMT+05:30) Asia/Kolkata,True,False,True,True,Active,2026-06-17 00:00:00
USR00061,Akash Kumar,user0061,user0061@aismartpharmacy.example,9991844364,Administrator,Male,Marathi,yyyy-mm-dd,12 Hour (01:30 PM),(GMT+05:30) Asia/Kolkata,True,True,False,True,Inactive,2026-07-15 00:00:00
USR00062,Riya Pawar,user0062,user0062@aismartpharmacy.example,9549990423,Doctor,Female,Marathi,yyyy-mm-dd,24 Hour (13:30),(GMT+05:30) Asia/Kolkata,True,False,False,False,Active,2026-06-07 00:00:00
USR00063,Manish Desai,user0063,user0063@aismartpharmacy.example,9978829298,Administrator,Male,English,yyyy-mm-dd,24 Hour (13:30),(GMT+05:30) Asia/Kolkata,False,False,True,False,Inactive,2026-07-20 00:00:00
USR00064,Kavita Joshi,user0064,user0064@aismartpharmacy.example,9333559158,Receptionist,Female,Marathi,mm/dd/yyyy,24 Hour (13:30),(GMT+05:30) Asia/Kolkata,False,False,False,True,Inactive,2026-07-31 00:00:00
USR00065,Ankit Pawar,user0065,user0065@aismartpharmacy.example,9850625795,Inventory Manager,Male,Hindi,mm/dd/yyyy,24 Hour (13:30),(GMT+05:30) Asia/Kolkata,False,False,False,True,Inactive,2026-07-26 00:00:00
USR00066,Neha Jain,user0066,user0066@aismartpharmacy.example,9760159756,Inventory Manager,Female,Marathi,yyyy-mm-dd,24 Hour (13:30),(GMT+05:30) Asia/Kolkata,True,False,True,False,Active,2026-06-11 00:00:00
USR00067,Manish Verma,user0067,user0067@aismartpharmacy.example,9650453226,Pharmacy Manager,Male,Hindi,yyyy-mm-dd,12 Hour (01:30 PM),(GMT+05:30) Asia/Kolkata,False,False,True,False,Active,2026-07-31 00:00:00
USR00068,Kavita Patil,user0068,user0068@aismartpharmacy.example,9629023580,Pharmacist,Female,Marathi,yyyy-mm-dd,24 Hour (13:30),(GMT+05:30) Asia/Kolkata,True,False,False,False,Active,2026-06-11 00:00:00
USR00069,Sanjay Mehta,user0069,user0069@aismartpharmacy.example,9840853620,Administrator,Male,Hindi,mm/dd/yyyy,24 Hour (13:30),(GMT+05:30) Asia/Kolkata,False,False,True,True,Inactive,2026-06-24 00:00:00
USR00070,Asha Patil,user0070,user0070@aismartpharmacy.example,9232296457,Pharmacy Manager,Female,Hindi,dd/mm/yyyy,24 Hour (13:30),(GMT+05:30) Asia/Kolkata,True,False,False,True,Inactive,2026-06-11 00:00:00
USR00071,Rahul Mehta,user0071,user0071@aismartpharmacy.example,9719335233,Inventory Manager,Male,English,yyyy-mm-dd,24 Hour (13:30),(GMT+05:30) Asia/Kolkata,True,False,True,True,Inactive,2026-07-31 00:00:00
USR00072,Isha Kumar,user0072,user0072@aismartpharmacy.example,9936922124,Administrator,Female,Marathi,mm/dd/yyyy,24 Hour (13:30),(GMT+05:30) Asia/Kolkata,True,False,True,True,Inactive,2026-07-02 00:00:00
USR00073,Akash Mehta,user0073,user0073@aismartpharmacy.example,9877959387,Pharmacist,Male,Hindi,mm/dd/yyyy,12 Hour (01:30 PM),(GMT+05:30) Asia/Kolkata,False,True,True,False,Inactive,2026-06-15 00:00:00
USR00074,Simran Shah,user0074,user0074@aismartpharmacy.example,9507277898,Receptionist,Female,Marathi,dd/mm/yyyy,24 Hour (13:30),(GMT+05:30) Asia/Kolkata,False,True,True,False,Active,2026-07-26 00:00:00
USR00075,Rahul Jain,user0075,user0075@aismartpharmacy.example,9989785451,Inventory Manager,Male,English,dd/mm/yyyy,24 Hour (13:30),(GMT+05:30) Asia/Kolkata,True,True,False,False,Active,2026-06-15 00:00:00
USR00076,Neha Sharma,user0076,user0076@aismartpharmacy.example,9499672481,Pharmacist,Female,English,mm/dd/yyyy,24 Hour (13:30),(GMT+05:30) Asia/Kolkata,False,True,True,True,Active,2026-07-26 00:00:00
USR00077,Rahul Kulkarni,user0077,user0077@aismartpharmacy.example,9284843163,Inventory Manager,Male,Hindi,mm/dd/yyyy,24 Hour (13:30),(GMT+05:30) Asia/Kolkata,False,False,False,True,Inactive,2026-07-11 00:00:00
USR00078,Nisha Mishra,user0078,user0078@aismartpharmacy.example,9903664722,Receptionist,Female,Marathi,mm/dd/yyyy,24 Hour (13:30),(GMT+05:30) Asia/Kolkata,True,False,True,False,Inactive,2026-06-19 00:00:00
USR00079,Akash Verma,user0079,user0079@aismartpharmacy.example,9160297407,Doctor,Male,English,mm/dd/yyyy,24 Hour (13:30),(GMT+05:30) Asia/Kolkata,True,False,True,False,Inactive,2026-07-29 00:00:00
USR00080,Megha Yadav,user0080,user0080@aismartpharmacy.example,9830074004,Doctor,Female,English,dd/mm/yyyy,12 Hour (01:30 PM),(GMT+05:30) Asia/Kolkata,False,True,False,False,Inactive,2026-06-14 00:00:00
USR00081,Manish Yadav,user0081,user0081@aismartpharmacy.example,9941134637,Administrator,Male,Marathi,mm/dd/yyyy,24 Hour (13:30),(GMT+05:30) Asia/Kolkata,True,False,True,False,Inactive,2026-06-30 00:00:00
USR00082,Megha Mehta,user0082,user0082@aismartpharmacy.example,9967942555,Receptionist,Female,Hindi,yyyy-mm-dd,12 Hour (01:30 PM),(GMT+05:30) Asia/Kolkata,False,False,False,True,Inactive,2026-07-14 00:00:00
USR00083,Manish Shah,user0083,user0083@aismartpharmacy.example,9137430758,Inventory Manager,Male,English,dd/mm/yyyy,24 Hour (13:30),(GMT+05:30) Asia/Kolkata,False,True,False,True,Inactive,2026-07-03 00:00:00
USR00084,Pooja Singh,user0084,user0084@aismartpharmacy.example,9455087512,Pharmacist,Female,Marathi,yyyy-mm-dd,24 Hour (13:30),(GMT+05:30) Asia/Kolkata,True,True,False,False,Active,2026-07-11 00:00:00
USR00085,Vikram Joshi,user0085,user0085@aismartpharmacy.example,9890958492,Inventory Manager,Male,English,dd/mm/yyyy,12 Hour (01:30 PM),(GMT+05:30) Asia/Kolkata,True,True,False,True,Inactive,2026-07-05 00:00:00
USR00086,Shreya Desai,user0086,user0086@aismartpharmacy.example,9649410704,Inventory Manager,Female,Marathi,yyyy-mm-dd,24 Hour (13:30),(GMT+05:30) Asia/Kolkata,True,True,True,True,Inactive,2026-06-09 00:00:00
USR00087,Manish Desai,user0087,user0087@aismartpharmacy.example,9226470090,Inventory Manager,Male,Marathi,dd/mm/yyyy,12 Hour (01:30 PM),(GMT+05:30) Asia/Kolkata,False,True,False,True,Active,2026-06-05 00:00:00
USR00088,Neha Verma,user0088,user0088@aismartpharmacy.example,9805062913,Receptionist,Female,Hindi,dd/mm/yyyy,24 Hour (13:30),(GMT+05:30) Asia/Kolkata,False,True,True,False,Inactive,2026-07-13 00:00:00
USR00089,Nikhil Mishra,user0089,user0089@aismartpharmacy.example,9276056484,Inventory Manager,Male,Marathi,mm/dd/yyyy,12 Hour (01:30 PM),(GMT+05:30) Asia/Kolkata,True,True,False,False,Inactive,2026-06-23 00:00:00
USR00090,Isha Kumar,user0090,user0090@aismartpharmacy.example,9400691579,Receptionist,Female,Hindi,mm/dd/yyyy,12 Hour (01:30 PM),(GMT+05:30) Asia/Kolkata,False,True,True,False,Active,2026-07-01 00:00:00
USR00091,Raj Kumar,user0091,user0091@aismartpharmacy.example,9370658070,Administrator,Male,Hindi,dd/mm/yyyy,12 Hour (01:30 PM),(GMT+05:30) Asia/Kolkata,False,False,True,False,Active,2026-06-30 00:00:00
USR00092,Kavita Kumar,user0092,user0092@aismartpharmacy.example,9150916077,Doctor,Female,Hindi,dd/mm/yyyy,12 Hour (01:30 PM),(GMT+05:30) Asia/Kolkata,False,False,False,False,Inactive,2026-06-01 00:00:00
USR00093,Aditya Gupta,user0093,user0093@aismartpharmacy.example,9414814722,Doctor,Male,Hindi,yyyy-mm-dd,24 Hour (13:30),(GMT+05:30) Asia/Kolkata,False,False,True,True,Inactive,2026-07-31 00:00:00
USR00094,Sneha Jain,user0094,user0094@aismartpharmacy.example,9755386946,Pharmacy Manager,Female,Marathi,yyyy-mm-dd,12 Hour (01:30 PM),(GMT+05:30) Asia/Kolkata,False,True,False,False,Active,2026-06-17 00:00:00
USR00095,Aditya Gupta,user0095,user0095@aismartpharmacy.example,9812415093,Pharmacist,Male,Marathi,yyyy-mm-dd,12 Hour (01:30 PM),(GMT+05:30) Asia/Kolkata,False,False,True,True,Active,2026-07-22 00:00:00
USR00096,Divya Singh,user0096,user0096@aismartpharmacy.example,9666920492,Doctor,Female,Hindi,mm/dd/yyyy,12 Hour (01:30 PM),(GMT+05:30) Asia/Kolkata,False,False,False,True,Active,2026-07-08 00:00:00
USR00097,Karan Kumar,user0097,user0097@aismartpharmacy.example,9962555525,Receptionist,Male,English,yyyy-mm-dd,12 Hour (01:30 PM),(GMT+05:30) Asia/Kolkata,True,True,False,True,Inactive,2026-07-10 00:00:00
USR00098,Nisha Singh,user0098,user0098@aismartpharmacy.example,9656692246,Pharmacist,Female,Hindi,dd/mm/yyyy,12 Hour (01:30 PM),(GMT+05:30) Asia/Kolkata,False,True,True,True,Inactive,2026-06-21 00:00:00
USR00099,Pranav Singh,user0099,user0099@aismartpharmacy.example,9359064321,Pharmacy Manager,Male,English,dd/mm/yyyy,24 Hour (13:30),(GMT+05:30) Asia/Kolkata,True,False,True,False,Active,2026-07-13 00:00:00
USR00100,Pooja Joshi,user0100,user0100@aismartpharmacy.example,9478111648,Receptionist,Female,English,dd/mm/yyyy,12 Hour (01:30 PM),(GMT+05:30) Asia/Kolkata,True,True,True,True,Inactive,2026-06-27 00:00:00
USR00101,Deepak Verma,user0101,user0101@aismartpharmacy.example,9698719149,Receptionist,Male,Marathi,dd/mm/yyyy,24 Hour (13:30),(GMT+05:30) Asia/Kolkata,False,True,False,False,Inactive,2026-06-22 00:00:00
USR00102,Divya Kumar,user0102,user0102@aismartpharmacy.example,9455761978,Inventory Manager,Female,Hindi,mm/dd/yyyy,12 Hour (01:30 PM),(GMT+05:30) Asia/Kolkata,False,False,False,False,Active,2026-06-28 00:00:00
USR00103,Pranav Sharma,user0103,user0103@aismartpharmacy.example,9277432984,Administrator,Male,Marathi,yyyy-mm-dd,12 Hour (01:30 PM),(GMT+05:30) Asia/Kolkata,False,True,True,True,Inactive,2026-07-04 00:00:00
USR00104,Nisha Sharma,user0104,user0104@aismartpharmacy.example,9439408512,Inventory Manager,Female,Hindi,mm/dd/yyyy,24 Hour (13:30),(GMT+05:30) Asia/Kolkata,True,True,False,False,Active,2026-07-10 00:00:00
USR00105,Vikram Sharma,user0105,user0105@aismartpharmacy.example,9360424172,Pharmacist,Male,Marathi,dd/mm/yyyy,12 Hour (01:30 PM),(GMT+05:30) Asia/Kolkata,False,True,True,True,Active,2026-06-03 00:00:00
USR00106,Priya Patil,user0106,user0106@aismartpharmacy.example,9564490803,Receptionist,Female,Marathi,mm/dd/yyyy,24 Hour (13:30),(GMT+05:30) Asia/Kolkata,True,False,False,False,Active,2026-07-04 00:00:00
USR00107,Nikhil Pawar,user0107,user0107@aismartpharmacy.example,9812322766,Doctor,Male,English,mm/dd/yyyy,12 Hour (01:30 PM),(GMT+05:30) Asia/Kolkata,False,False,True,True,Active,2026-07-31 00:00:00
USR00108,Asha Jain,user0108,user0108@aismartpharmacy.example,9618743057,Receptionist,Female,Marathi,dd/mm/yyyy,24 Hour (13:30),(GMT+05:30) Asia/Kolkata,False,True,True,False,Active,2026-06-19 00:00:00
USR00109,Nikhil Patil,user0109,user0109@aismartpharmacy.example,9984633374,Pharmacy Manager,Male,Hindi,yyyy-mm-dd,24 Hour (13:30),(GMT+05:30) Asia/Kolkata,False,False,True,False,Inactive,2026-07-20 00:00:00
USR00110,Anjali Kulkarni,user0110,user0110@aismartpharmacy.example,9238582803,Receptionist,Female,Hindi,yyyy-mm-dd,12 Hour (01:30 PM),(GMT+05:30) Asia/Kolkata,True,False,False,True,Inactive,2026-06-28 00:00:00
USR00111,Arjun Pawar,user0111,user0111@aismartpharmacy.example,9727077308,Receptionist,Male,English,dd/mm/yyyy,12 Hour (01:30 PM),(GMT+05:30) Asia/Kolkata,False,True,True,True,Inactive,2026-06-09 00:00:00
USR00112,Swati Yadav,user0112,user0112@aismartpharmacy.example,9581210513,Pharmacist,Female,Hindi,yyyy-mm-dd,12 Hour (01:30 PM),(GMT+05:30) Asia/Kolkata,False,True,True,False,Inactive,2026-07-10 00:00:00
USR00113,Rohit Jain,user0113,user0113@aismartpharmacy.example,9540818891,Inventory Manager,Male,Marathi,yyyy-mm-dd,12 Hour (01:30 PM),(GMT+05:30) Asia/Kolkata,False,False,True,False,Active,2026-07-25 00:00:00
USR00114,Riya Joshi,user0114,user0114@aismartpharmacy.example,9699059451,Inventory Manager,Female,English,mm/dd/yyyy,24 Hour (13:30),(GMT+05:30) Asia/Kolkata,False,False,False,True,Inactive,2026-06-08 00:00:00
USR00115,Ankit Mishra,user0115,user0115@aismartpharmacy.example,9468583030,Receptionist,Male,Marathi,dd/mm/yyyy,24 Hour (13:30),(GMT+05:30) Asia/Kolkata,False,False,False,False,Active,2026-07-18 00:00:00
USR00116,Neha Pawar,user0116,user0116@aismartpharmacy.example,9291465139,Inventory Manager,Female,English,yyyy-mm-dd,12 Hour (01:30 PM),(GMT+05:30) Asia/Kolkata,False,False,False,False,Inactive,2026-07-30 00:00:00
USR00117,Rahul Kulkarni,user0117,user0117@aismartpharmacy.example,9554451147,Pharmacy Manager,Male,English,yyyy-mm-dd,24 Hour (13:30),(GMT+05:30) Asia/Kolkata,False,False,True,False,Inactive,2026-07-29 00:00:00
USR00118,Simran Desai,user0118,user0118@aismartpharmacy.example,9125801420,Administrator,Female,Marathi,yyyy-mm-dd,24 Hour (13:30),(GMT+05:30) Asia/Kolkata,True,True,True,True,Active,2026-07-17 00:00:00
USR00119,Deepak Patil,user0119,user0119@aismartpharmacy.example,9718390067,Inventory Manager,Male,English,yyyy-mm-dd,12 Hour (01:30 PM),(GMT+05:30) Asia/Kolkata,True,False,True,False,Active,2026-06-27 00:00:00
USR00120,Anjali Patil,user0120,user0120@aismartpharmacy.example,9482095014,Receptionist,Female,Marathi,yyyy-mm-dd,12 Hour (01:30 PM),(GMT+05:30) Asia/Kolkata,False,True,True,True,Active,2026-07-08 00:00:00
USR00121,Deepak Patil,user0121,user0121@aismartpharmacy.example,9321948928,Receptionist,Male,Hindi,dd/mm/yyyy,24 Hour (13:30),(GMT+05:30) Asia/Kolkata,False,False,True,True,Inactive,2026-06-30 00:00:00
USR00122,Neha Kumar,user0122,user0122@aismartpharmacy.example,9923502636,Receptionist,Female,English,mm/dd/yyyy,24 Hour (13:30),(GMT+05:30) Asia/Kolkata,False,False,False,False,Inactive,2026-07-09 00:00:00
USR00123,Aditya Gupta,user0123,user0123@aismartpharmacy.example,9710256839,Doctor,Male,Marathi,yyyy-mm-dd,24 Hour (13:30),(GMT+05:30) Asia/Kolkata,False,True,False,False,Active,2026-06-17 00:00:00
USR00124,Shreya Desai,user0124,user0124@aismartpharmacy.example,9243885422,Inventory Manager,Female,Marathi,yyyy-mm-dd,12 Hour (01:30 PM),(GMT+05:30) Asia/Kolkata,False,True,False,False,Inactive,2026-06-04 00:00:00
USR00125,Amit Kumar,user0125,user0125@aismartpharmacy.example,9340793210,Inventory Manager,Male,Hindi,dd/mm/yyyy,24 Hour (13:30),(GMT+05:30) Asia/Kolkata,True,False,True,True,Inactive,2026-06-04 00:00:00
USR00126,Shreya Yadav,user0126,user0126@aismartpharmacy.example,9668646696,Administrator,Female,Marathi,dd/mm/yyyy,12 Hour (01:30 PM),(GMT+05:30) Asia/Kolkata,False,False,True,True,Active,2026-07-26 00:00:00
USR00127,Rohit Mishra,user0127,user0127@aismartpharmacy.example,9501859547,Receptionist,Male,Hindi,yyyy-mm-dd,24 Hour (13:30),(GMT+05:30) Asia/Kolkata,False,True,True,True,Active,2026-06-11 00:00:00
USR00128,Megha Kulkarni,user0128,user0128@aismartpharmacy.example,9245498737,Receptionist,Female,Marathi,mm/dd/yyyy,24 Hour (13:30),(GMT+05:30) Asia/Kolkata,False,True,True,True,Inactive,2026-06-01 00:00:00
USR00129,Rahul Patil,user0129,user0129@aismartpharmacy.example,9983189473,Administrator,Male,Hindi,yyyy-mm-dd,12 Hour (01:30 PM),(GMT+05:30) Asia/Kolkata,True,True,True,False,Inactive,2026-07-31 00:00:00
USR00130,Isha Pawar,user0130,user0130@aismartpharmacy.example,9285620440,Inventory Manager,Female,English,mm/dd/yyyy,12 Hour (01:30 PM),(GMT+05:30) Asia/Kolkata,False,True,False,True,Active,2026-06-10 00:00:00
USR00131,Raj Mehta,user0131,user0131@aismartpharmacy.example,9983411083,Inventory Manager,Male,English,mm/dd/yyyy,12 Hour (01:30 PM),(GMT+05:30) Asia/Kolkata,False,False,False,True,Active,2026-07-13 00:00:00
USR00132,Swati Mishra,user0132,user0132@aismartpharmacy.example,9613734863,Inventory Manager,Female,Hindi,dd/mm/yyyy,12 Hour (01:30 PM),(GMT+05:30) Asia/Kolkata,True,True,False,False,Inactive,2026-07-31 00:00:00
USR00133,Amit Kumar,user0133,user0133@aismartpharmacy.example,9738171433,Pharmacist,Male,English,dd/mm/yyyy,24 Hour (13:30),(GMT+05:30) Asia/Kolkata,True,False,False,False,Active,2026-07-19 00:00:00
USR00134,Anjali Shah,user0134,user0134@aismartpharmacy.example,9923707202,Administrator,Female,Marathi,mm/dd/yyyy,12 Hour (01:30 PM),(GMT+05:30) Asia/Kolkata,False,False,False,True,Active,2026-06-30 00:00:00
USR00135,Sanjay Singh,user0135,user0135@aismartpharmacy.example,9979809627,Pharmacy Manager,Male,English,dd/mm/yyyy,12 Hour (01:30 PM),(GMT+05:30) Asia/Kolkata,True,True,True,True,Active,2026-07-17 00:00:00
USR00136,Priya Mehta,user0136,user0136@aismartpharmacy.example,9411384221,Inventory Manager,Female,Hindi,yyyy-mm-dd,12 Hour (01:30 PM),(GMT+05:30) Asia/Kolkata,True,True,True,False,Inactive,2026-07-12 00:00:00
USR00137,Ankit Gupta,user0137,user0137@aismartpharmacy.example,9269418514,Pharmacy Manager,Male,English,yyyy-mm-dd,12 Hour (01:30 PM),(GMT+05:30) Asia/Kolkata,True,True,True,True,Active,2026-07-11 00:00:00
USR00138,Riya Kumar,user0138,user0138@aismartpharmacy.example,9880674791,Administrator,Female,English,dd/mm/yyyy,24 Hour (13:30),(GMT+05:30) Asia/Kolkata,True,True,False,False,Inactive,2026-07-28 00:00:00
USR00139,Rohit Jain,user0139,user0139@aismartpharmacy.example,9863993957,Administrator,Male,English,mm/dd/yyyy,12 Hour (01:30 PM),(GMT+05:30) Asia/Kolkata,True,True,True,True,Inactive,2026-07-13 00:00:00
USR00140,Priya Gupta,user0140,user0140@aismartpharmacy.example,9973102904,Pharmacist,Female,English,dd/mm/yyyy,12 Hour (01:30 PM),(GMT+05:30) Asia/Kolkata,True,True,True,False,Inactive,2026-06-24 00:00:00
USR00141,Arjun Desai,user0141,user0141@aismartpharmacy.example,9129867139,Receptionist,Male,English,mm/dd/yyyy,24 Hour (13:30),(GMT+05:30) Asia/Kolkata,False,False,True,False,Inactive,2026-07-09 00:00:00
USR00142,Megha Pawar,user0142,user0142@aismartpharmacy.example,9264815178,Doctor,Female,Marathi,yyyy-mm-dd,24 Hour (13:30),(GMT+05:30) Asia/Kolkata,True,True,True,False,Active,2026-07-24 00:00:00
USR00143,Karan Sharma,user0143,user0143@aismartpharmacy.example,9996840782,Pharmacy Manager,Male,Marathi,mm/dd/yyyy,12 Hour (01:30 PM),(GMT+05:30) Asia/Kolkata,True,True,False,False,Active,2026-07-19 00:00:00
USR00144,Megha Mishra,user0144,user0144@aismartpharmacy.example,9715609598,Inventory Manager,Female,Hindi,dd/mm/yyyy,12 Hour (01:30 PM),(GMT+05:30) Asia/Kolkata,False,False,False,True,Active,2026-07-09 00:00:00
USR00145,Manish Shah,user0145,user0145@aismartpharmacy.example,9401652096,Receptionist,Male,Marathi,mm/dd/yyyy,24 Hour (13:30),(GMT+05:30) Asia/Kolkata,True,True,True,True,Inactive,2026-07-28 00:00:00
USR00146,Priya Joshi,user0146,user0146@aismartpharmacy.example,9216066066,Administrator,Female,Marathi,mm/dd/yyyy,12 Hour (01:30 PM),(GMT+05:30) Asia/Kolkata,True,False,True,False,Active,2026-06-26 00:00:00
USR00147,Karan Patil,user0147,user0147@aismartpharmacy.example,9368056614,Pharmacy Manager,Male,English,mm/dd/yyyy,12 Hour (01:30 PM),(GMT+05:30) Asia/Kolkata,True,False,False,False,Inactive,2026-07-13 00:00:00
USR00148,Swati Pawar,user0148,user0148@aismartpharmacy.example,9681658135,Administrator,Female,Marathi,yyyy-mm-dd,12 Hour (01:30 PM),(GMT+05:30) Asia/Kolkata,True,True,False,False,Active,2026-06-08 00:00:00
USR00149,Manish Joshi,user0149,user0149@aismartpharmacy.example,9300257309,Pharmacy Manager,Male,Marathi,mm/dd/yyyy,12 Hour (01:30 PM),(GMT+05:30) Asia/Kolkata,False,False,False,False,Inactive,2026-06-06 00:00:00
USR00150,Sneha Patil,user0150,user0150@aismartpharmacy.example,9765941258,Pharmacist,Female,Marathi,mm/dd/yyyy,12 Hour (01:30 PM),(GMT+05:30) Asia/Kolkata,True,False,True,True,Inactive,2026-06-30 00:00:00
USR00151,Nikhil Kumar,user0151,user0151@aismartpharmacy.example,9321396713,Inventory Manager,Male,Marathi,mm/dd/yyyy,12 Hour (01:30 PM),(GMT+05:30) Asia/Kolkata,False,True,True,True,Active,2026-07-29 00:00:00
USR00152,Pooja Pawar,user0152,user0152@aismartpharmacy.example,9352743433,Receptionist,Female,Hindi,mm/dd/yyyy,24 Hour (13:30),(GMT+05:30) Asia/Kolkata,False,False,False,False,Inactive,2026-06-14 00:00:00
USR00153,Aditya Pawar,user0153,user0153@aismartpharmacy.example,9385345765,Pharmacist,Male,Hindi,dd/mm/yyyy,24 Hour (13:30),(GMT+05:30) Asia/Kolkata,True,True,True,False,Active,2026-07-25 00:00:00
USR00154,Simran Gupta,user0154,user0154@aismartpharmacy.example,9470663396,Pharmacy Manager,Female,Marathi,mm/dd/yyyy,24 Hour (13:30),(GMT+05:30) Asia/Kolkata,False,True,True,False,Inactive,2026-06-29 00:00:00
USR00155,Rohit Sharma,user0155,user0155@aismartpharmacy.example,9650691040,Pharmacist,Male,English,yyyy-mm-dd,24 Hour (13:30),(GMT+05:30) Asia/Kolkata,False,True,False,False,Active,2026-06-27 00:00:00
USR00156,Sneha Pawar,user0156,user0156@aismartpharmacy.example,9434584226,Administrator,Female,English,yyyy-mm-dd,24 Hour (13:30),(GMT+05:30) Asia/Kolkata,True,True,False,False,Active,2026-07-25 00:00:00
USR00157,Rohit Desai,user0157,user0157@aismartpharmacy.example,9133337209,Pharmacy Manager,Male,Hindi,dd/mm/yyyy,12 Hour (01:30 PM),(GMT+05:30) Asia/Kolkata,True,False,True,False,Inactive,2026-07-10 00:00:00
USR00158,Isha Kulkarni,user0158,user0158@aismartpharmacy.example,9389495166,Receptionist,Female,Hindi,mm/dd/yyyy,12 Hour (01:30 PM),(GMT+05:30) Asia/Kolkata,False,True,False,False,Active,2026-06-30 00:00:00
USR00159,Aditya Mehta,user0159,user0159@aismartpharmacy.example,9386600440,Pharmacist,Male,English,mm/dd/yyyy,24 Hour (13:30),(GMT+05:30) Asia/Kolkata,False,False,False,False,Inactive,2026-06-11 00:00:00
USR00160,Riya Sharma,user0160,user0160@aismartpharmacy.example,9109520557,Pharmacy Manager,Female,English,dd/mm/yyyy,12 Hour (01:30 PM),(GMT+05:30) Asia/Kolkata,False,True,True,False,Active,2026-07-17 00:00:00
USR00161,Nikhil Desai,user0161,user0161@aismartpharmacy.example,9958845073,Inventory Manager,Male,Hindi,mm/dd/yyyy,12 Hour (01:30 PM),(GMT+05:30) Asia/Kolkata,True,False,True,False,Active,2026-06-27 00:00:00
USR00162,Kavita Kulkarni,user0162,user0162@aismartpharmacy.example,9944072268,Pharmacist,Female,Marathi,mm/dd/yyyy,24 Hour (13:30),(GMT+05:30) Asia/Kolkata,True,True,False,True,Active,2026-07-05 00:00:00
USR00163,Akash Jain,user0163,user0163@aismartpharmacy.example,9487310853,Pharmacist,Male,Marathi,dd/mm/yyyy,12 Hour (01:30 PM),(GMT+05:30) Asia/Kolkata,True,False,False,True,Active,2026-07-14 00:00:00
USR00164,Divya Kumar,user0164,user0164@aismartpharmacy.example,9774701415,Doctor,Female,Marathi,mm/dd/yyyy,12 Hour (01:30 PM),(GMT+05:30) Asia/Kolkata,False,False,True,True,Inactive,2026-07-20 00:00:00
USR00165,Ankit Joshi,user0165,user0165@aismartpharmacy.example,9712475733,Doctor,Male,Marathi,yyyy-mm-dd,24 Hour (13:30),(GMT+05:30) Asia/Kolkata,True,False,True,False,Inactive,2026-07-13 00:00:00
USR00166,Nisha Pawar,user0166,user0166@aismartpharmacy.example,9515750644,Receptionist,Female,Marathi,mm/dd/yyyy,24 Hour (13:30),(GMT+05:30) Asia/Kolkata,True,True,False,False,Inactive,2026-07-23 00:00:00
USR00167,Aditya Gupta,user0167,user0167@aismartpharmacy.example,9280985702,Inventory Manager,Male,English,dd/mm/yyyy,12 Hour (01:30 PM),(GMT+05:30) Asia/Kolkata,False,True,False,True,Inactive,2026-07-12 00:00:00
USR00168,Simran Shah,user0168,user0168@aismartpharmacy.example,9811100550,Doctor,Female,Marathi,mm/dd/yyyy,12 Hour (01:30 PM),(GMT+05:30) Asia/Kolkata,True,False,True,False,Active,2026-06-26 00:00:00
USR00169,Sanjay Mishra,user0169,user0169@aismartpharmacy.example,9274274946,Receptionist,Male,Hindi,yyyy-mm-dd,24 Hour (13:30),(GMT+05:30) Asia/Kolkata,True,True,True,True,Inactive,2026-07-31 00:00:00
USR00170,Simran Kumar,user0170,user0170@aismartpharmacy.example,9211067682,Pharmacy Manager,Female,Marathi,yyyy-mm-dd,24 Hour (13:30),(GMT+05:30) Asia/Kolkata,False,False,False,True,Active,2026-07-29 00:00:00
USR00171,Deepak Singh,user0171,user0171@aismartpharmacy.example,9935570841,Inventory Manager,Male,Hindi,yyyy-mm-dd,24 Hour (13:30),(GMT+05:30) Asia/Kolkata,True,False,True,True,Inactive,2026-06-16 00:00:00
USR00172,Kavita Yadav,user0172,user0172@aismartpharmacy.example,9260794623,Inventory Manager,Female,English,yyyy-mm-dd,12 Hour (01:30 PM),(GMT+05:30) Asia/Kolkata,False,True,False,False,Inactive,2026-06-19 00:00:00
USR00173,Aditya Shah,user0173,user0173@aismartpharmacy.example,9695706629,Pharmacist,Male,Marathi,dd/mm/yyyy,12 Hour (01:30 PM),(GMT+05:30) Asia/Kolkata,True,False,False,False,Inactive,2026-06-21 00:00:00
USR00174,Simran Pawar,user0174,user0174@aismartpharmacy.example,9607185286,Pharmacist,Female,English,mm/dd/yyyy,12 Hour (01:30 PM),(GMT+05:30) Asia/Kolkata,True,False,True,False,Active,2026-06-02 00:00:00
USR00175,Raj Jain,user0175,user0175@aismartpharmacy.example,9102178689,Receptionist,Male,Marathi,yyyy-mm-dd,12 Hour (01:30 PM),(GMT+05:30) Asia/Kolkata,True,False,True,True,Inactive,2026-06-02 00:00:00
USR00176,Riya Singh,user0176,user0176@aismartpharmacy.example,9373351693,Receptionist,Female,Marathi,yyyy-mm-dd,12 Hour (01:30 PM),(GMT+05:30) Asia/Kolkata,True,True,True,False,Inactive,2026-06-10 00:00:00
USR00177,Rohit Verma,user0177,user0177@aismartpharmacy.example,9885393263,Doctor,Male,Hindi,dd/mm/yyyy,24 Hour (13:30),(GMT+05:30) Asia/Kolkata,True,True,False,False,Inactive,2026-06-26 00:00:00
USR00178,Shreya Mishra,user0178,user0178@aismartpharmacy.example,9881693722,Receptionist,Female,Hindi,dd/mm/yyyy,12 Hour (01:30 PM),(GMT+05:30) Asia/Kolkata,False,True,True,False,Active,2026-07-20 00:00:00
USR00179,Arjun Jain,user0179,user0179@aismartpharmacy.example,9201798023,Pharmacy Manager,Male,English,yyyy-mm-dd,12 Hour (01:30 PM),(GMT+05:30) Asia/Kolkata,True,True,False,False,Active,2026-06-22 00:00:00
USR00180,Riya Kulkarni,user0180,user0180@aismartpharmacy.example,9535795587,Receptionist,Female,Marathi,dd/mm/yyyy,12 Hour (01:30 PM),(GMT+05:30) Asia/Kolkata,False,False,True,True,Inactive,2026-07-02 00:00:00
USR00181,Amit Desai,user0181,user0181@aismartpharmacy.example,9430109961,Receptionist,Male,Marathi,yyyy-mm-dd,12 Hour (01:30 PM),(GMT+05:30) Asia/Kolkata,True,True,True,True,Inactive,2026-07-31 00:00:00
USR00182,Divya Yadav,user0182,user0182@aismartpharmacy.example,9904515269,Inventory Manager,Female,English,mm/dd/yyyy,12 Hour (01:30 PM),(GMT+05:30) Asia/Kolkata,True,False,True,False,Inactive,2026-06-13 00:00:00
USR00183,Ankit Shah,user0183,user0183@aismartpharmacy.example,9341373119,Pharmacy Manager,Male,English,mm/dd/yyyy,12 Hour (01:30 PM),(GMT+05:30) Asia/Kolkata,True,False,False,True,Inactive,2026-06-30 00:00:00
USR00184,Isha Singh,user0184,user0184@aismartpharmacy.example,9680706367,Receptionist,Female,Hindi,yyyy-mm-dd,12 Hour (01:30 PM),(GMT+05:30) Asia/Kolkata,False,False,True,False,Inactive,2026-06-18 00:00:00
USR00185,Deepak Singh,user0185,user0185@aismartpharmacy.example,9971957926,Doctor,Male,Hindi,mm/dd/yyyy,24 Hour (13:30),(GMT+05:30) Asia/Kolkata,True,False,False,False,Inactive,2026-06-18 00:00:00
USR00186,Pooja Mehta,user0186,user0186@aismartpharmacy.example,9930447101,Inventory Manager,Female,Marathi,dd/mm/yyyy,12 Hour (01:30 PM),(GMT+05:30) Asia/Kolkata,False,False,False,False,Inactive,2026-07-31 00:00:00
USR00187,Deepak Jain,user0187,user0187@aismartpharmacy.example,9965935538,Pharmacist,Male,English,mm/dd/yyyy,24 Hour (13:30),(GMT+05:30) Asia/Kolkata,True,True,True,True,Inactive,2026-07-20 00:00:00
USR00188,Riya Shah,user0188,user0188@aismartpharmacy.example,9342416647,Pharmacist,Female,English,dd/mm/yyyy,24 Hour (13:30),(GMT+05:30) Asia/Kolkata,False,False,True,False,Inactive,2026-07-17 00:00:00
USR00189,Sanjay Sharma,user0189,user0189@aismartpharmacy.example,9756901973,Administrator,Male,English,mm/dd/yyyy,24 Hour (13:30),(GMT+05:30) Asia/Kolkata,True,False,True,False,Active,2026-07-04 00:00:00
USR00190,Asha Gupta,user0190,user0190@aismartpharmacy.example,9257451165,Administrator,Female,English,mm/dd/yyyy,24 Hour (13:30),(GMT+05:30) Asia/Kolkata,False,False,False,True,Active,2026-07-10 00:00:00
USR00191,Raj Kumar,user0191,user0191@aismartpharmacy.example,9314861826,Receptionist,Male,Marathi,yyyy-mm-dd,12 Hour (01:30 PM),(GMT+05:30) Asia/Kolkata,True,False,True,False,Inactive,2026-06-23 00:00:00
USR00192,Swati Patil,user0192,user0192@aismartpharmacy.example,9308437490,Pharmacy Manager,Female,Hindi,mm/dd/yyyy,12 Hour (01:30 PM),(GMT+05:30) Asia/Kolkata,True,False,True,True,Inactive,2026-06-17 00:00:00
USR00193,Karan Verma,user0193,user0193@aismartpharmacy.example,9930357371,Inventory Manager,Male,English,mm/dd/yyyy,12 Hour (01:30 PM),(GMT+05:30) Asia/Kolkata,True,False,True,True,Inactive,2026-06-13 00:00:00
USR00194,Nisha Patil,user0194,user0194@aismartpharmacy.example,9209529296,Pharmacist,Female,English,dd/mm/yyyy,24 Hour (13:30),(GMT+05:30) Asia/Kolkata,True,True,False,True,Active,2026-07-15 00:00:00
USR00195,Pranav Jain,user0195,user0195@aismartpharmacy.example,9136538728,Pharmacy Manager,Male,Marathi,mm/dd/yyyy,12 Hour (01:30 PM),(GMT+05:30) Asia/Kolkata,False,True,True,True,Active,2026-06-18 00:00:00
USR00196,Sneha Kulkarni,user0196,user0196@aismartpharmacy.example,9772962146,Inventory Manager,Female,Marathi,dd/mm/yyyy,24 Hour (13:30),(GMT+05:30) Asia/Kolkata,False,False,True,True,Inactive,2026-06-20 00:00:00
USR00197,Aditya Jain,user0197,user0197@aismartpharmacy.example,9687793318,Administrator,Male,English,mm/dd/yyyy,24 Hour (13:30),(GMT+05:30) Asia/Kolkata,True,False,True,False,Active,2026-07-01 00:00:00
USR00198,Riya Shah,user0198,user0198@aismartpharmacy.example,9807300695,Receptionist,Female,Marathi,dd/mm/yyyy,24 Hour (13:30),(GMT+05:30) Asia/Kolkata,False,False,False,False,Inactive,2026-06-15 00:00:00
USR00199,Deepak Pawar,user0199,user0199@aismartpharmacy.example,9254704137,Pharmacist,Male,Hindi,mm/dd/yyyy,12 Hour (01:30 PM),(GMT+05:30) Asia/Kolkata,False,True,False,False,Active,2026-07-11 00:00:00
USR00200,Anjali Pawar,user0200,user0200@aismartpharmacy.example,9256196790,Administrator,Female,Hindi,dd/mm/yyyy,24 Hour (13:30),(GMT+05:30) Asia/Kolkata,False,True,False,True,Active,2026-06-21 00:00:00
USR00201,Ankit Shah,user0201,user0201@aismartpharmacy.example,9140819526,Pharmacy Manager,Male,Marathi,mm/dd/yyyy,24 Hour (13:30),(GMT+05:30) Asia/Kolkata,True,True,True,False,Active,2026-07-16 00:00:00
USR00202,Neha Mehta,user0202,user0202@aismartpharmacy.example,9737655438,Inventory Manager,Female,Hindi,yyyy-mm-dd,24 Hour (13:30),(GMT+05:30) Asia/Kolkata,False,False,True,True,Active,2026-07-10 00:00:00
USR00203,Rahul Desai,user0203,user0203@aismartpharmacy.example,9568056824,Receptionist,Male,Marathi,yyyy-mm-dd,24 Hour (13:30),(GMT+05:30) Asia/Kolkata,True,False,False,True,Inactive,2026-06-30 00:00:00
USR00204,Riya Joshi,user0204,user0204@aismartpharmacy.example,9200524037,Doctor,Female,Marathi,yyyy-mm-dd,24 Hour (13:30),(GMT+05:30) Asia/Kolkata,True,True,False,True,Active,2026-07-17 00:00:00
USR00205,Nikhil Gupta,user0205,user0205@aismartpharmacy.example,9298855373,Doctor,Male,English,mm/dd/yyyy,24 Hour (13:30),(GMT+05:30) Asia/Kolkata,True,True,True,False,Inactive,2026-06-25 00:00:00
USR00206,Megha Desai,user0206,user0206@aismartpharmacy.example,9359859956,Administrator,Female,Hindi,mm/dd/yyyy,12 Hour (01:30 PM),(GMT+05:30) Asia/Kolkata,False,True,False,False,Inactive,2026-07-31 00:00:00
USR00207,Sanjay Kumar,user0207,user0207@aismartpharmacy.example,9704390162,Doctor,Male,Hindi,yyyy-mm-dd,24 Hour (13:30),(GMT+05:30) Asia/Kolkata,False,False,False,False,Active,2026-07-27 00:00:00
USR00208,Simran Sharma,user0208,user0208@aismartpharmacy.example,9651417634,Receptionist,Female,English,dd/mm/yyyy,12 Hour (01:30 PM),(GMT+05:30) Asia/Kolkata,True,True,True,True,Inactive,2026-06-01 00:00:00
USR00209,Sanjay Desai,user0209,user0209@aismartpharmacy.example,9820997200,Receptionist,Male,English,yyyy-mm-dd,12 Hour (01:30 PM),(GMT+05:30) Asia/Kolkata,False,False,False,True,Active,2026-07-21 00:00:00
USR00210,Isha Patil,user0210,user0210@aismartpharmacy.example,9406103420,Inventory Manager,Female,Hindi,mm/dd/yyyy,12 Hour (01:30 PM),(GMT+05:30) Asia/Kolkata,True,False,False,True,Active,2026-06-24 00:00:00
USR00211,Amit Sharma,user0211,user0211@aismartpharmacy.example,9747689820,Pharmacist,Male,Hindi,yyyy-mm-dd,24 Hour (13:30),(GMT+05:30) Asia/Kolkata,False,True,False,True,Active,2026-07-05 00:00:00
USR00212,Pooja Singh,user0212,user0212@aismartpharmacy.example,9911163419,Receptionist,Female,Marathi,yyyy-mm-dd,12 Hour (01:30 PM),(GMT+05:30) Asia/Kolkata,False,False,False,False,Active,2026-07-01 00:00:00
USR00213,Karan Yadav,user0213,user0213@aismartpharmacy.example,9162577252,Inventory Manager,Male,Marathi,dd/mm/yyyy,12 Hour (01:30 PM),(GMT+05:30) Asia/Kolkata,False,True,False,False,Inactive,2026-06-21 00:00:00
USR00214,Asha Mehta,user0214,user0214@aismartpharmacy.example,9115546677,Doctor,Female,Hindi,mm/dd/yyyy,12 Hour (01:30 PM),(GMT+05:30) Asia/Kolkata,False,False,False,False,Inactive,2026-06-03 00:00:00
USR00215,Aditya Yadav,user0215,user0215@aismartpharmacy.example,9329145139,Administrator,Male,English,yyyy-mm-dd,24 Hour (13:30),(GMT+05:30) Asia/Kolkata,True,False,True,True,Inactive,2026-07-07 00:00:00
USR00216,Riya Gupta,user0216,user0216@aismartpharmacy.example,9194355841,Inventory Manager,Female,English,mm/dd/yyyy,24 Hour (13:30),(GMT+05:30) Asia/Kolkata,False,False,True,True,Inactive,2026-07-14 00:00:00
USR00217,Sanjay Mishra,user0217,user0217@aismartpharmacy.example,9383492515,Doctor,Male,English,yyyy-mm-dd,24 Hour (13:30),(GMT+05:30) Asia/Kolkata,False,True,True,False,Active,2026-06-14 00:00:00
USR00218,Kavita Sharma,user0218,user0218@aismartpharmacy.example,9260843286,Pharmacy Manager,Female,English,yyyy-mm-dd,24 Hour (13:30),(GMT+05:30) Asia/Kolkata,False,False,True,False,Active,2026-07-12 00:00:00
USR00219,Ankit Mishra,user0219,user0219@aismartpharmacy.example,9349316808,Doctor,Male,Hindi,yyyy-mm-dd,24 Hour (13:30),(GMT+05:30) Asia/Kolkata,False,True,True,True,Active,2026-06-18 00:00:00
USR00220,Kavita Desai,user0220,user0220@aismartpharmacy.example,9134567613,Pharmacy Manager,Female,Marathi,mm/dd/yyyy,12 Hour (01:30 PM),(GMT+05:30) Asia/Kolkata,True,True,True,False,Inactive,2026-07-05 00:00:00
USR00221,Manish Singh,user0221,user0221@aismartpharmacy.example,9509912549,Receptionist,Male,English,mm/dd/yyyy,12 Hour (01:30 PM),(GMT+05:30) Asia/Kolkata,True,False,False,False,Inactive,2026-07-14 00:00:00
USR00222,Simran Desai,user0222,user0222@aismartpharmacy.example,9888830120,Inventory Manager,Female,English,yyyy-mm-dd,12 Hour (01:30 PM),(GMT+05:30) Asia/Kolkata,False,True,True,True,Active,2026-06-10 00:00:00
USR00223,Arjun Sharma,user0223,user0223@aismartpharmacy.example,9910201295,Pharmacy Manager,Male,Marathi,yyyy-mm-dd,24 Hour (13:30),(GMT+05:30) Asia/Kolkata,False,False,False,True,Active,2026-07-29 00:00:00
USR00224,Megha Mishra,user0224,user0224@aismartpharmacy.example,9425019415,Pharmacist,Female,Hindi,yyyy-mm-dd,12 Hour (01:30 PM),(GMT+05:30) Asia/Kolkata,True,True,False,True,Inactive,2026-06-16 00:00:00
USR00225,Raj Kulkarni,user0225,user0225@aismartpharmacy.example,9530670001,Pharmacist,Male,English,dd/mm/yyyy,24 Hour (13:30),(GMT+05:30) Asia/Kolkata,False,True,True,True,Inactive,2026-06-11 00:00:00
USR00226,Divya Joshi,user0226,user0226@aismartpharmacy.example,9307256730,Inventory Manager,Female,English,dd/mm/yyyy,12 Hour (01:30 PM),(GMT+05:30) Asia/Kolkata,True,True,False,False,Inactive,2026-07-25 00:00:00
USR00227,Nikhil Mehta,user0227,user0227@aismartpharmacy.example,9502419606,Inventory Manager,Male,English,mm/dd/yyyy,12 Hour (01:30 PM),(GMT+05:30) Asia/Kolkata,False,True,True,False,Inactive,2026-07-29 00:00:00
USR00228,Swati Gupta,user0228,user0228@aismartpharmacy.example,9460823361,Pharmacist,Female,Marathi,dd/mm/yyyy,12 Hour (01:30 PM),(GMT+05:30) Asia/Kolkata,False,False,True,False,Inactive,2026-07-27 00:00:00
USR00229,Aditya Sharma,user0229,user0229@aismartpharmacy.example,9675813320,Pharmacist,Male,Marathi,mm/dd/yyyy,12 Hour (01:30 PM),(GMT+05:30) Asia/Kolkata,True,True,False,True,Inactive,2026-06-03 00:00:00
USR00230,Swati Pawar,user0230,user0230@aismartpharmacy.example,9208891578,Inventory Manager,Female,Hindi,dd/mm/yyyy,12 Hour (01:30 PM),(GMT+05:30) Asia/Kolkata,True,True,True,True,Active,2026-07-14 00:00:00
USR00231,Manish Gupta,user0231,user0231@aismartpharmacy.example,9275227554,Pharmacy Manager,Male,English,yyyy-mm-dd,24 Hour (13:30),(GMT+05:30) Asia/Kolkata,True,True,True,False,Active,2026-06-02 00:00:00
USR00232,Swati Joshi,user0232,user0232@aismartpharmacy.example,9632604618,Doctor,Female,Marathi,yyyy-mm-dd,24 Hour (13:30),(GMT+05:30) Asia/Kolkata,False,True,False,False,Active,2026-07-07 00:00:00
USR00233,Karan Mehta,user0233,user0233@aismartpharmacy.example,9173329348,Administrator,Male,English,mm/dd/yyyy,12 Hour (01:30 PM),(GMT+05:30) Asia/Kolkata,True,True,True,False,Inactive,2026-06-01 00:00:00
USR00234,Sneha Desai,user0234,user0234@aismartpharmacy.example,9441450856,Receptionist,Female,Marathi,dd/mm/yyyy,12 Hour (01:30 PM),(GMT+05:30) Asia/Kolkata,True,True,False,True,Active,2026-06-27 00:00:00
USR00235,Amit Jain,user0235,user0235@aismartpharmacy.example,9230393925,Administrator,Male,Marathi,dd/mm/yyyy,12 Hour (01:30 PM),(GMT+05:30) Asia/Kolkata,True,True,True,True,Inactive,2026-07-09 00:00:00
USR00236,Nisha Mishra,user0236,user0236@aismartpharmacy.example,9900517444,Inventory Manager,Female,Hindi,yyyy-mm-dd,12 Hour (01:30 PM),(GMT+05:30) Asia/Kolkata,True,False,True,True,Active,2026-06-11 00:00:00
USR00237,Rohit Mishra,user0237,user0237@aismartpharmacy.example,9811622347,Doctor,Male,Marathi,mm/dd/yyyy,12 Hour (01:30 PM),(GMT+05:30) Asia/Kolkata,True,False,True,False,Active,2026-07-13 00:00:00
USR00238,Kavita Sharma,user0238,user0238@aismartpharmacy.example,9469130881,Pharmacy Manager,Female,English,dd/mm/yyyy,12 Hour (01:30 PM),(GMT+05:30) Asia/Kolkata,True,True,False,True,Active,2026-07-06 00:00:00
USR00239,Ankit Singh,user0239,user0239@aismartpharmacy.example,9933195802,Pharmacist,Male,Marathi,yyyy-mm-dd,12 Hour (01:30 PM),(GMT+05:30) Asia/Kolkata,False,False,False,True,Active,2026-06-17 00:00:00
USR00240,Nisha Joshi,user0240,user0240@aismartpharmacy.example,9209743779,Doctor,Female,English,yyyy-mm-dd,12 Hour (01:30 PM),(GMT+05:30) Asia/Kolkata,False,False,False,False,Inactive,2026-06-25 00:00:00
USR00241,Pranav Gupta,user0241,user0241@aismartpharmacy.example,9132037354,Receptionist,Male,English,yyyy-mm-dd,24 Hour (13:30),(GMT+05:30) Asia/Kolkata,True,False,True,False,Inactive,2026-07-10 00:00:00
USR00242,Riya Desai,user0242,user0242@aismartpharmacy.example,9737932581,Inventory Manager,Female,English,yyyy-mm-dd,24 Hour (13:30),(GMT+05:30) Asia/Kolkata,True,False,False,True,Inactive,2026-07-26 00:00:00
USR00243,Rohit Verma,user0243,user0243@aismartpharmacy.example,9814205375,Inventory Manager,Male,Marathi,dd/mm/yyyy,24 Hour (13:30),(GMT+05:30) Asia/Kolkata,False,False,False,False,Active,2026-07-11 00:00:00
USR00244,Divya Patil,user0244,user0244@aismartpharmacy.example,9824220527,Administrator,Female,Marathi,mm/dd/yyyy,24 Hour (13:30),(GMT+05:30) Asia/Kolkata,False,False,True,False,Active,2026-07-29 00:00:00
USR00245,Amit Desai,user0245,user0245@aismartpharmacy.example,9406758462,Receptionist,Male,English,yyyy-mm-dd,24 Hour (13:30),(GMT+05:30) Asia/Kolkata,True,False,False,False,Inactive,2026-06-24 00:00:00
USR00246,Swati Sharma,user0246,user0246@aismartpharmacy.example,9244687445,Administrator,Female,Hindi,dd/mm/yyyy,24 Hour (13:30),(GMT+05:30) Asia/Kolkata,False,True,True,False,Inactive,2026-07-23 00:00:00
USR00247,Ankit Pawar,user0247,user0247@aismartpharmacy.example,9679974432,Receptionist,Male,Hindi,dd/mm/yyyy,12 Hour (01:30 PM),(GMT+05:30) Asia/Kolkata,False,True,False,False,Inactive,2026-07-01 00:00:00
USR00248,Shreya Sharma,user0248,user0248@aismartpharmacy.example,9234148985,Receptionist,Female,Hindi,mm/dd/yyyy,12 Hour (01:30 PM),(GMT+05:30) Asia/Kolkata,False,False,False,True,Active,2026-07-27 00:00:00
USR00249,Pranav Gupta,user0249,user0249@aismartpharmacy.example,9982465279,Receptionist,Male,English,dd/mm/yyyy,12 Hour (01:30 PM),(GMT+05:30) Asia/Kolkata,True,False,True,False,Active,2026-07-19 00:00:00
USR00250,Kavita Verma,user0250,user0250@aismartpharmacy.example,9466759162,Administrator,Female,Hindi,dd/mm/yyyy,12 Hour (01:30 PM),(GMT+05:30) Asia/Kolkata,False,False,False,True,Inactive,2026-07-20 00:00:00
USR00251,Amit Gupta,user0251,user0251@aismartpharmacy.example,9160736564,Doctor,Male,English,dd/mm/yyyy,24 Hour (13:30),(GMT+05:30) Asia/Kolkata,True,False,True,True,Active,2026-06-15 00:00:00
USR00252,Sneha Kumar,user0252,user0252@aismartpharmacy.example,9392267264,Doctor,Female,Hindi,dd/mm/yyyy,24 Hour (13:30),(GMT+05:30) Asia/Kolkata,True,False,True,True,Active,2026-07-23 00:00:00
USR00253,Raj Pawar,user0253,user0253@aismartpharmacy.example,9863546214,Pharmacist,Male,English,yyyy-mm-dd,12 Hour (01:30 PM),(GMT+05:30) Asia/Kolkata,True,False,False,True,Active,2026-06-11 00:00:00
USR00254,Divya Singh,user0254,user0254@aismartpharmacy.example,9849846818,Administrator,Female,English,mm/dd/yyyy,12 Hour (01:30 PM),(GMT+05:30) Asia/Kolkata,False,True,False,True,Inactive,2026-06-05 00:00:00
USR00255,Deepak Joshi,user0255,user0255@aismartpharmacy.example,9735376927,Inventory Manager,Male,English,yyyy-mm-dd,24 Hour (13:30),(GMT+05:30) Asia/Kolkata,True,True,True,True,Inactive,2026-06-02 00:00:00
USR00256,Asha Verma,user0256,user0256@aismartpharmacy.example,9344905498,Pharmacist,Female,English,mm/dd/yyyy,12 Hour (01:30 PM),(GMT+05:30) Asia/Kolkata,True,True,True,False,Active,2026-06-06 00:00:00
USR00257,Rohit Verma,user0257,user0257@aismartpharmacy.example,9538516057,Doctor,Male,Hindi,yyyy-mm-dd,24 Hour (13:30),(GMT+05:30) Asia/Kolkata,True,False,False,False,Inactive,2026-07-13 00:00:00
USR00258,Megha Mishra,user0258,user0258@aismartpharmacy.example,9472403144,Pharmacy Manager,Female,Hindi,dd/mm/yyyy,24 Hour (13:30),(GMT+05:30) Asia/Kolkata,True,True,False,True,Inactive,2026-07-12 00:00:00
USR00259,Rohit Pawar,user0259,user0259@aismartpharmacy.example,9299371759,Pharmacy Manager,Male,Marathi,mm/dd/yyyy,12 Hour (01:30 PM),(GMT+05:30) Asia/Kolkata,False,True,True,False,Active,2026-06-26 00:00:00
USR00260,Priya Gupta,user0260,user0260@aismartpharmacy.example,9149459192,Pharmacy Manager,Female,Hindi,mm/dd/yyyy,24 Hour (13:30),(GMT+05:30) Asia/Kolkata,True,True,False,True,Active,2026-07-15 00:00:00
USR00261,Aditya Desai,user0261,user0261@aismartpharmacy.example,9607681366,Receptionist,Male,Hindi,mm/dd/yyyy,12 Hour (01:30 PM),(GMT+05:30) Asia/Kolkata,True,False,False,False,Inactive,2026-07-26 00:00:00
USR00262,Isha Kulkarni,user0262,user0262@aismartpharmacy.example,9238922784,Pharmacist,Female,Marathi,mm/dd/yyyy,24 Hour (13:30),(GMT+05:30) Asia/Kolkata,True,True,True,False,Inactive,2026-06-23 00:00:00
USR00263,Sanjay Mehta,user0263,user0263@aismartpharmacy.example,9498806730,Administrator,Male,English,mm/dd/yyyy,12 Hour (01:30 PM),(GMT+05:30) Asia/Kolkata,True,True,False,False,Active,2026-07-15 00:00:00
USR00264,Megha Singh,user0264,user0264@aismartpharmacy.example,9336081179,Pharmacist,Female,Marathi,dd/mm/yyyy,12 Hour (01:30 PM),(GMT+05:30) Asia/Kolkata,False,True,False,False,Inactive,2026-07-22 00:00:00
USR00265,Manish Yadav,user0265,user0265@aismartpharmacy.example,9741563270,Receptionist,Male,Hindi,mm/dd/yyyy,24 Hour (13:30),(GMT+05:30) Asia/Kolkata,False,False,True,True,Active,2026-06-23 00:00:00
USR00266,Megha Shah,user0266,user0266@aismartpharmacy.example,9614134324,Pharmacist,Female,English,yyyy-mm-dd,24 Hour (13:30),(GMT+05:30) Asia/Kolkata,True,True,True,False,Inactive,2026-07-21 00:00:00
USR00267,Manish Desai,user0267,user0267@aismartpharmacy.example,9760634809,Receptionist,Male,English,dd/mm/yyyy,12 Hour (01:30 PM),(GMT+05:30) Asia/Kolkata,True,True,False,True,Inactive,2026-07-12 00:00:00
USR00268,Nisha Shah,user0268,user0268@aismartpharmacy.example,9632935024,Doctor,Female,Marathi,yyyy-mm-dd,24 Hour (13:30),(GMT+05:30) Asia/Kolkata,False,True,True,False,Inactive,2026-07-28 00:00:00
USR00269,Raj Jain,user0269,user0269@aismartpharmacy.example,9968654917,Pharmacy Manager,Male,English,mm/dd/yyyy,12 Hour (01:30 PM),(GMT+05:30) Asia/Kolkata,False,False,True,False,Inactive,2026-06-03 00:00:00
USR00270,Anjali Kumar,user0270,user0270@aismartpharmacy.example,9236970350,Receptionist,Female,Hindi,yyyy-mm-dd,12 Hour (01:30 PM),(GMT+05:30) Asia/Kolkata,True,True,True,True,Active,2026-07-20 00:00:00
USR00271,Sanjay Mishra,user0271,user0271@aismartpharmacy.example,9746480573,Doctor,Male,Hindi,yyyy-mm-dd,12 Hour (01:30 PM),(GMT+05:30) Asia/Kolkata,False,True,False,False,Active,2026-06-18 00:00:00
USR00272,Sneha Singh,user0272,user0272@aismartpharmacy.example,9885802741,Administrator,Female,Marathi,dd/mm/yyyy,24 Hour (13:30),(GMT+05:30) Asia/Kolkata,False,False,False,False,Inactive,2026-07-15 00:00:00
USR00273,Rahul Joshi,user0273,user0273@aismartpharmacy.example,9119326060,Pharmacy Manager,Male,Hindi,mm/dd/yyyy,24 Hour (13:30),(GMT+05:30) Asia/Kolkata,False,False,True,True,Inactive,2026-07-07 00:00:00
USR00274,Isha Verma,user0274,user0274@aismartpharmacy.example,9274004414,Inventory Manager,Female,English,dd/mm/yyyy,12 Hour (01:30 PM),(GMT+05:30) Asia/Kolkata,True,True,True,False,Active,2026-07-01 00:00:00
USR00275,Nikhil Yadav,user0275,user0275@aismartpharmacy.example,9380879187,Receptionist,Male,English,mm/dd/yyyy,24 Hour (13:30),(GMT+05:30) Asia/Kolkata,True,True,True,True,Inactive,2026-06-15 00:00:00
USR00276,Megha Gupta,user0276,user0276@aismartpharmacy.example,9791325424,Inventory Manager,Female,Hindi,yyyy-mm-dd,12 Hour (01:30 PM),(GMT+05:30) Asia/Kolkata,True,False,False,False,Active,2026-06-05 00:00:00
USR00277,Rohit Kumar,user0277,user0277@aismartpharmacy.example,9478294804,Pharmacy Manager,Male,English,dd/mm/yyyy,12 Hour (01:30 PM),(GMT+05:30) Asia/Kolkata,False,False,True,False,Inactive,2026-06-24 00:00:00
USR00278,Swati Kumar,user0278,user0278@aismartpharmacy.example,9198325058,Pharmacist,Female,Marathi,yyyy-mm-dd,24 Hour (13:30),(GMT+05:30) Asia/Kolkata,False,False,True,True,Inactive,2026-07-20 00:00:00
USR00279,Amit Sharma,user0279,user0279@aismartpharmacy.example,9517469349,Administrator,Male,English,mm/dd/yyyy,12 Hour (01:30 PM),(GMT+05:30) Asia/Kolkata,False,True,False,True,Inactive,2026-07-15 00:00:00
USR00280,Shreya Kumar,user0280,user0280@aismartpharmacy.example,9201841703,Pharmacist,Female,Marathi,mm/dd/yyyy,24 Hour (13:30),(GMT+05:30) Asia/Kolkata,False,False,False,False,Active,2026-07-27 00:00:00
USR00281,Manish Patil,user0281,user0281@aismartpharmacy.example,9636485059,Inventory Manager,Male,English,dd/mm/yyyy,12 Hour (01:30 PM),(GMT+05:30) Asia/Kolkata,False,True,False,False,Inactive,2026-07-20 00:00:00
USR00282,Simran Desai,user0282,user0282@aismartpharmacy.example,9595226894,Receptionist,Female,Marathi,mm/dd/yyyy,24 Hour (13:30),(GMT+05:30) Asia/Kolkata,False,False,True,False,Inactive,2026-07-27 00:00:00
USR00283,Sanjay Mishra,user0283,user0283@aismartpharmacy.example,9932748919,Doctor,Male,English,mm/dd/yyyy,24 Hour (13:30),(GMT+05:30) Asia/Kolkata,True,False,True,True,Inactive,2026-07-20 00:00:00
USR00284,Riya Yadav,user0284,user0284@aismartpharmacy.example,9627624766,Pharmacy Manager,Female,English,dd/mm/yyyy,12 Hour (01:30 PM),(GMT+05:30) Asia/Kolkata,False,False,True,False,Active,2026-07-29 00:00:00
USR00285,Amit Mehta,user0285,user0285@aismartpharmacy.example,9188044197,Pharmacy Manager,Male,Marathi,dd/mm/yyyy,24 Hour (13:30),(GMT+05:30) Asia/Kolkata,False,True,False,False,Active,2026-06-14 00:00:00
USR00286,Anjali Desai,user0286,user0286@aismartpharmacy.example,9369631872,Receptionist,Female,Marathi,dd/mm/yyyy,12 Hour (01:30 PM),(GMT+05:30) Asia/Kolkata,False,True,True,True,Inactive,2026-07-25 00:00:00
USR00287,Ankit Jain,user0287,user0287@aismartpharmacy.example,9512825183,Doctor,Male,Hindi,yyyy-mm-dd,12 Hour (01:30 PM),(GMT+05:30) Asia/Kolkata,False,True,False,False,Active,2026-06-28 00:00:00
USR00288,Shreya Jain,user0288,user0288@aismartpharmacy.example,9128734643,Receptionist,Female,Hindi,yyyy-mm-dd,24 Hour (13:30),(GMT+05:30) Asia/Kolkata,False,True,False,False,Active,2026-07-29 00:00:00
USR00289,Manish Kulkarni,user0289,user0289@aismartpharmacy.example,9523487492,Pharmacist,Male,English,dd/mm/yyyy,12 Hour (01:30 PM),(GMT+05:30) Asia/Kolkata,False,True,False,False,Active,2026-06-18 00:00:00
USR00290,Neha Sharma,user0290,user0290@aismartpharmacy.example,9490663165,Inventory Manager,Female,Hindi,yyyy-mm-dd,24 Hour (13:30),(GMT+05:30) Asia/Kolkata,True,False,False,False,Active,2026-06-19 00:00:00
USR00291,Deepak Yadav,user0291,user0291@aismartpharmacy.example,9793212233,Doctor,Male,Hindi,yyyy-mm-dd,24 Hour (13:30),(GMT+05:30) Asia/Kolkata,True,True,False,False,Active,2026-07-24 00:00:00
USR00292,Sneha Kulkarni,user0292,user0292@aismartpharmacy.example,9460393731,Doctor,Female,Marathi,yyyy-mm-dd,12 Hour (01:30 PM),(GMT+05:30) Asia/Kolkata,False,False,True,True,Inactive,2026-07-31 00:00:00
USR00293,Deepak Shah,user0293,user0293@aismartpharmacy.example,9555277845,Inventory Manager,Male,Hindi,mm/dd/yyyy,24 Hour (13:30),(GMT+05:30) Asia/Kolkata,True,True,False,False,Active,2026-06-01 00:00:00
USR00294,Kavita Kumar,user0294,user0294@aismartpharmacy.example,9506413674,Receptionist,Female,Marathi,mm/dd/yyyy,12 Hour (01:30 PM),(GMT+05:30) Asia/Kolkata,True,False,False,False,Inactive,2026-07-28 00:00:00
USR00295,Vikram Desai,user0295,user0295@aismartpharmacy.example,9315569309,Pharmacy Manager,Male,Hindi,mm/dd/yyyy,24 Hour (13:30),(GMT+05:30) Asia/Kolkata,False,False,False,False,Inactive,2026-06-28 00:00:00
USR00296,Simran Kulkarni,user0296,user0296@aismartpharmacy.example,9896089979,Receptionist,Female,Hindi,yyyy-mm-dd,24 Hour (13:30),(GMT+05:30) Asia/Kolkata,False,False,True,False,Inactive,2026-06-08 00:00:00
USR00297,Akash Yadav,user0297,user0297@aismartpharmacy.example,9892718591,Pharmacy Manager,Male,Hindi,mm/dd/yyyy,24 Hour (13:30),(GMT+05:30) Asia/Kolkata,False,True,True,False,Active,2026-06-12 00:00:00
USR00298,Kavita Patil,user0298,user0298@aismartpharmacy.example,9575327838,Receptionist,Female,English,yyyy-mm-dd,12 Hour (01:30 PM),(GMT+05:30) Asia/Kolkata,False,False,False,True,Inactive,2026-07-10 00:00:00
USR00299,Pranav Sharma,user0299,user0299@aismartpharmacy.example,9354501919,Receptionist,Male,Hindi,mm/dd/yyyy,12 Hour (01:30 PM),(GMT+05:30) Asia/Kolkata,False,True,False,True,Active,2026-07-19 00:00:00
USR00300,Isha Kumar,user0300,user0300@aismartpharmacy.example,9499296088,Receptionist,Female,Marathi,dd/mm/yyyy,12 Hour (01:30 PM),(GMT+05:30) Asia/Kolkata,True,True,False,False,Inactive,2026-06-14 00:00:00
USR00301,Nikhil Sharma,user0301,user0301@aismartpharmacy.example,9847998015,Doctor,Male,English,mm/dd/yyyy,12 Hour (01:30 PM),(GMT+05:30) Asia/Kolkata,False,True,True,False,Active,2026-07-09 00:00:00
USR00302,Priya Pawar,user0302,user0302@aismartpharmacy.example,9514812057,Pharmacy Manager,Female,English,yyyy-mm-dd,24 Hour (13:30),(GMT+05:30) Asia/Kolkata,True,False,True,True,Active,2026-07-05 00:00:00
USR00303,Arjun Kumar,user0303,user0303@aismartpharmacy.example,9347455589,Inventory Manager,Male,Hindi,yyyy-mm-dd,24 Hour (13:30),(GMT+05:30) Asia/Kolkata,True,True,False,False,Inactive,2026-07-14 00:00:00
USR00304,Shreya Desai,user0304,user0304@aismartpharmacy.example,9386128436,Administrator,Female,Hindi,mm/dd/yyyy,12 Hour (01:30 PM),(GMT+05:30) Asia/Kolkata,True,True,True,False,Active,2026-06-09 00:00:00
USR00305,Ankit Shah,user0305,user0305@aismartpharmacy.example,9765001746,Receptionist,Male,Hindi,dd/mm/yyyy,24 Hour (13:30),(GMT+05:30) Asia/Kolkata,True,True,False,True,Active,2026-06-05 00:00:00
USR00306,Sneha Sharma,user0306,user0306@aismartpharmacy.example,9292241948,Administrator,Female,Hindi,mm/dd/yyyy,12 Hour (01:30 PM),(GMT+05:30) Asia/Kolkata,False,True,False,True,Inactive,2026-07-12 00:00:00
USR00307,Nikhil Singh,user0307,user0307@aismartpharmacy.example,9735546816,Receptionist,Male,Hindi,yyyy-mm-dd,24 Hour (13:30),(GMT+05:30) Asia/Kolkata,True,True,True,True,Inactive,2026-07-26 00:00:00
USR00308,Pooja Singh,user0308,user0308@aismartpharmacy.example,9330814617,Doctor,Female,Hindi,yyyy-mm-dd,24 Hour (13:30),(GMT+05:30) Asia/Kolkata,False,False,True,False,Active,2026-06-01 00:00:00
USR00309,Ankit Jain,user0309,user0309@aismartpharmacy.example,9469300977,Administrator,Male,Marathi,yyyy-mm-dd,12 Hour (01:30 PM),(GMT+05:30) Asia/Kolkata,False,True,True,False,Active,2026-06-15 00:00:00
USR00310,Riya Mishra,user0310,user0310@aismartpharmacy.example,9666782515,Receptionist,Female,Hindi,mm/dd/yyyy,24 Hour (13:30),(GMT+05:30) Asia/Kolkata,True,False,True,True,Active,2026-06-23 00:00:00
USR00311,Vikram Patil,user0311,user0311@aismartpharmacy.example,9871783554,Receptionist,Male,English,dd/mm/yyyy,12 Hour (01:30 PM),(GMT+05:30) Asia/Kolkata,True,True,False,False,Inactive,2026-07-08 00:00:00
USR00312,Nisha Kulkarni,user0312,user0312@aismartpharmacy.example,9731628296,Inventory Manager,Female,Hindi,yyyy-mm-dd,12 Hour (01:30 PM),(GMT+05:30) Asia/Kolkata,True,True,False,False,Inactive,2026-07-31 00:00:00
USR00313,Arjun Jain,user0313,user0313@aismartpharmacy.example,9844557901,Inventory Manager,Male,English,mm/dd/yyyy,12 Hour (01:30 PM),(GMT+05:30) Asia/Kolkata,True,False,False,True,Active,2026-06-09 00:00:00
USR00314,Riya Singh,user0314,user0314@aismartpharmacy.example,9143840014,Receptionist,Female,English,mm/dd/yyyy,12 Hour (01:30 PM),(GMT+05:30) Asia/Kolkata,False,False,False,True,Active,2026-07-17 00:00:00
USR00315,Rohit Kumar,user0315,user0315@aismartpharmacy.example,9925460550,Doctor,Male,Hindi,dd/mm/yyyy,24 Hour (13:30),(GMT+05:30) Asia/Kolkata,False,False,True,False,Inactive,2026-06-22 00:00:00
USR00316,Neha Joshi,user0316,user0316@aismartpharmacy.example,9298323098,Inventory Manager,Female,English,yyyy-mm-dd,12 Hour (01:30 PM),(GMT+05:30) Asia/Kolkata,True,True,False,True,Inactive,2026-06-10 00:00:00
USR00317,Rohit Patil,user0317,user0317@aismartpharmacy.example,9893878679,Pharmacist,Male,Hindi,mm/dd/yyyy,24 Hour (13:30),(GMT+05:30) Asia/Kolkata,False,False,False,True,Inactive,2026-06-14 00:00:00
USR00318,Nisha Patil,user0318,user0318@aismartpharmacy.example,9125721464,Pharmacy Manager,Female,English,yyyy-mm-dd,12 Hour (01:30 PM),(GMT+05:30) Asia/Kolkata,False,False,False,True,Inactive,2026-07-22 00:00:00
USR00319,Karan Shah,user0319,user0319@aismartpharmacy.example,9771082749,Pharmacist,Male,English,yyyy-mm-dd,24 Hour (13:30),(GMT+05:30) Asia/Kolkata,True,True,True,True,Inactive,2026-07-07 00:00:00
USR00320,Anjali Patil,user0320,user0320@aismartpharmacy.example,9122903758,Inventory Manager,Female,English,dd/mm/yyyy,24 Hour (13:30),(GMT+05:30) Asia/Kolkata,False,False,False,True,Active,2026-07-30 00:00:00
USR00321,Aditya Shah,user0321,user0321@aismartpharmacy.example,9790058511,Inventory Manager,Male,English,mm/dd/yyyy,24 Hour (13:30),(GMT+05:30) Asia/Kolkata,True,True,False,True,Active,2026-07-30 00:00:00
USR00322,Sneha Verma,user0322,user0322@aismartpharmacy.example,9774262059,Inventory Manager,Female,Hindi,dd/mm/yyyy,12 Hour (01:30 PM),(GMT+05:30) Asia/Kolkata,False,True,True,False,Active,2026-07-19 00:00:00
USR00323,Amit Kulkarni,user0323,user0323@aismartpharmacy.example,9670908595,Pharmacy Manager,Male,Marathi,dd/mm/yyyy,24 Hour (13:30),(GMT+05:30) Asia/Kolkata,True,True,False,True,Active,2026-06-25 00:00:00
USR00324,Anjali Jain,user0324,user0324@aismartpharmacy.example,9160039064,Doctor,Female,Hindi,yyyy-mm-dd,24 Hour (13:30),(GMT+05:30) Asia/Kolkata,False,True,False,False,Inactive,2026-06-23 00:00:00
USR00325,Aditya Jain,user0325,user0325@aismartpharmacy.example,9319659153,Inventory Manager,Male,Marathi,yyyy-mm-dd,12 Hour (01:30 PM),(GMT+05:30) Asia/Kolkata,False,False,False,True,Active,2026-07-08 00:00:00
USR00326,Divya Mehta,user0326,user0326@aismartpharmacy.example,9675293821,Pharmacy Manager,Female,Hindi,dd/mm/yyyy,12 Hour (01:30 PM),(GMT+05:30) Asia/Kolkata,True,False,False,True,Inactive,2026-06-06 00:00:00
USR00327,Amit Kumar,user0327,user0327@aismartpharmacy.example,9468610382,Pharmacy Manager,Male,Hindi,mm/dd/yyyy,24 Hour (13:30),(GMT+05:30) Asia/Kolkata,False,True,False,False,Active,2026-07-16 00:00:00
USR00328,Priya Jain,user0328,user0328@aismartpharmacy.example,9651153844,Pharmacist,Female,Marathi,mm/dd/yyyy,24 Hour (13:30),(GMT+05:30) Asia/Kolkata,False,False,False,False,Active,2026-06-18 00:00:00
USR00329,Ankit Gupta,user0329,user0329@aismartpharmacy.example,9115991195,Administrator,Male,Hindi,yyyy-mm-dd,24 Hour (13:30),(GMT+05:30) Asia/Kolkata,True,False,True,True,Inactive,2026-07-13 00:00:00
USR00330,Riya Pawar,user0330,user0330@aismartpharmacy.example,9411901409,Pharmacist,Female,English,mm/dd/yyyy,12 Hour (01:30 PM),(GMT+05:30) Asia/Kolkata,False,False,False,False,Inactive,2026-06-23 00:00:00
USR00331,Raj Yadav,user0331,user0331@aismartpharmacy.example,9930635939,Pharmacy Manager,Male,Hindi,mm/dd/yyyy,12 Hour (01:30 PM),(GMT+05:30) Asia/Kolkata,True,True,True,False,Inactive,2026-06-12 00:00:00
USR00332,Kavita Singh,user0332,user0332@aismartpharmacy.example,9579992798,Receptionist,Female,Marathi,mm/dd/yyyy,24 Hour (13:30),(GMT+05:30) Asia/Kolkata,False,False,True,False,Inactive,2026-06-05 00:00:00
USR00333,Raj Mehta,user0333,user0333@aismartpharmacy.example,9235496587,Pharmacy Manager,Male,Marathi,mm/dd/yyyy,12 Hour (01:30 PM),(GMT+05:30) Asia/Kolkata,False,True,False,False,Active,2026-07-30 00:00:00
USR00334,Simran Sharma,user0334,user0334@aismartpharmacy.example,9863102777,Doctor,Female,Hindi,mm/dd/yyyy,24 Hour (13:30),(GMT+05:30) Asia/Kolkata,False,False,False,False,Active,2026-07-04 00:00:00
USR00335,Karan Verma,user0335,user0335@aismartpharmacy.example,9312040366,Administrator,Male,Marathi,mm/dd/yyyy,24 Hour (13:30),(GMT+05:30) Asia/Kolkata,False,True,True,False,Inactive,2026-06-24 00:00:00
USR00336,Anjali Gupta,user0336,user0336@aismartpharmacy.example,9132075033,Pharmacy Manager,Female,Hindi,mm/dd/yyyy,24 Hour (13:30),(GMT+05:30) Asia/Kolkata,False,True,False,False,Active,2026-06-11 00:00:00
USR00337,Vikram Jain,user0337,user0337@aismartpharmacy.example,9933017703,Pharmacy Manager,Male,Hindi,dd/mm/yyyy,24 Hour (13:30),(GMT+05:30) Asia/Kolkata,False,False,True,True,Inactive,2026-06-09 00:00:00
USR00338,Kavita Mehta,user0338,user0338@aismartpharmacy.example,9844565620,Administrator,Female,English,mm/dd/yyyy,12 Hour (01:30 PM),(GMT+05:30) Asia/Kolkata,False,True,True,False,Inactive,2026-07-08 00:00:00
USR00339,Arjun Kumar,user0339,user0339@aismartpharmacy.example,9358406313,Doctor,Male,Hindi,mm/dd/yyyy,24 Hour (13:30),(GMT+05:30) Asia/Kolkata,False,False,True,True,Inactive,2026-06-26 00:00:00
USR00340,Shreya Patil,user0340,user0340@aismartpharmacy.example,9318546542,Doctor,Female,Marathi,mm/dd/yyyy,24 Hour (13:30),(GMT+05:30) Asia/Kolkata,False,True,False,True,Inactive,2026-06-10 00:00:00
USR00341,Raj Shah,user0341,user0341@aismartpharmacy.example,9198416831,Pharmacist,Male,Marathi,mm/dd/yyyy,12 Hour (01:30 PM),(GMT+05:30) Asia/Kolkata,False,True,True,False,Active,2026-07-08 00:00:00
USR00342,Swati Gupta,user0342,user0342@aismartpharmacy.example,9830673299,Receptionist,Female,Marathi,mm/dd/yyyy,12 Hour (01:30 PM),(GMT+05:30) Asia/Kolkata,True,False,True,True,Inactive,2026-06-26 00:00:00
USR00343,Karan Jain,user0343,user0343@aismartpharmacy.example,9149634628,Inventory Manager,Male,Marathi,dd/mm/yyyy,12 Hour (01:30 PM),(GMT+05:30) Asia/Kolkata,False,True,False,True,Active,2026-07-29 00:00:00
USR00344,Kavita Gupta,user0344,user0344@aismartpharmacy.example,9948315395,Inventory Manager,Female,English,yyyy-mm-dd,12 Hour (01:30 PM),(GMT+05:30) Asia/Kolkata,True,True,False,True,Active,2026-07-29 00:00:00
USR00345,Vikram Desai,user0345,user0345@aismartpharmacy.example,9406054504,Pharmacist,Male,English,yyyy-mm-dd,12 Hour (01:30 PM),(GMT+05:30) Asia/Kolkata,True,True,False,True,Inactive,2026-06-24 00:00:00
USR00346,Priya Verma,user0346,user0346@aismartpharmacy.example,9102618797,Administrator,Female,Marathi,dd/mm/yyyy,24 Hour (13:30),(GMT+05:30) Asia/Kolkata,True,True,True,False,Inactive,2026-06-01 00:00:00
USR00347,Aditya Kumar,user0347,user0347@aismartpharmacy.example,9206665169,Receptionist,Male,Hindi,mm/dd/yyyy,24 Hour (13:30),(GMT+05:30) Asia/Kolkata,True,False,True,True,Active,2026-07-12 00:00:00
USR00348,Asha Pawar,user0348,user0348@aismartpharmacy.example,9199541287,Pharmacy Manager,Female,Hindi,dd/mm/yyyy,24 Hour (13:30),(GMT+05:30) Asia/Kolkata,False,False,False,False,Active,2026-06-15 00:00:00
USR00349,Deepak Desai,user0349,user0349@aismartpharmacy.example,9429589436,Doctor,Male,English,mm/dd/yyyy,24 Hour (13:30),(GMT+05:30) Asia/Kolkata,True,True,False,False,Inactive,2026-07-16 00:00:00
USR00350,Simran Shah,user0350,user0350@aismartpharmacy.example,9942775211,Administrator,Female,Hindi,yyyy-mm-dd,12 Hour (01:30 PM),(GMT+05:30) Asia/Kolkata,False,False,False,False,Active,2026-07-12 00:00:00
USR00351,Karan Kumar,user0351,user0351@aismartpharmacy.example,9578743023,Administrator,Male,English,mm/dd/yyyy,24 Hour (13:30),(GMT+05:30) Asia/Kolkata,False,True,False,True,Active,2026-06-10 00:00:00
USR00352,Kavita Gupta,user0352,user0352@aismartpharmacy.example,9967675976,Receptionist,Female,Hindi,mm/dd/yyyy,12 Hour (01:30 PM),(GMT+05:30) Asia/Kolkata,True,False,True,True,Inactive,2026-06-11 00:00:00
USR00353,Ankit Shah,user0353,user0353@aismartpharmacy.example,9914974761,Pharmacist,Male,Marathi,yyyy-mm-dd,24 Hour (13:30),(GMT+05:30) Asia/Kolkata,False,False,False,False,Active,2026-06-04 00:00:00
USR00354,Sneha Kulkarni,user0354,user0354@aismartpharmacy.example,9677430958,Pharmacy Manager,Female,English,yyyy-mm-dd,12 Hour (01:30 PM),(GMT+05:30) Asia/Kolkata,True,True,False,False,Inactive,2026-07-23 00:00:00
USR00355,Vikram Jain,user0355,user0355@aismartpharmacy.example,9156320466,Pharmacy Manager,Male,Hindi,dd/mm/yyyy,12 Hour (01:30 PM),(GMT+05:30) Asia/Kolkata,False,False,True,False,Active,2026-07-18 00:00:00
USR00356,Asha Desai,user0356,user0356@aismartpharmacy.example,9628216344,Doctor,Female,Marathi,yyyy-mm-dd,24 Hour (13:30),(GMT+05:30) Asia/Kolkata,False,True,True,False,Inactive,2026-07-11 00:00:00
USR00357,Manish Desai,user0357,user0357@aismartpharmacy.example,9837108808,Doctor,Male,Marathi,mm/dd/yyyy,24 Hour (13:30),(GMT+05:30) Asia/Kolkata,False,False,False,True,Active,2026-06-05 00:00:00
USR00358,Kavita Gupta,user0358,user0358@aismartpharmacy.example,9172052215,Administrator,Female,English,mm/dd/yyyy,24 Hour (13:30),(GMT+05:30) Asia/Kolkata,False,False,False,False,Active,2026-07-05 00:00:00
USR00359,Pranav Patil,user0359,user0359@aismartpharmacy.example,9277821118,Receptionist,Male,English,mm/dd/yyyy,24 Hour (13:30),(GMT+05:30) Asia/Kolkata,True,False,False,False,Active,2026-06-05 00:00:00
USR00360,Pooja Yadav,user0360,user0360@aismartpharmacy.example,9371865862,Pharmacy Manager,Female,English,dd/mm/yyyy,24 Hour (13:30),(GMT+05:30) Asia/Kolkata,True,True,False,False,Inactive,2026-07-02 00:00:00
USR00361,Raj Mehta,user0361,user0361@aismartpharmacy.example,9495844223,Pharmacy Manager,Male,English,dd/mm/yyyy,24 Hour (13:30),(GMT+05:30) Asia/Kolkata,True,True,False,True,Inactive,2026-07-05 00:00:00
USR00362,Kavita Kulkarni,user0362,user0362@aismartpharmacy.example,9208750416,Pharmacy Manager,Female,English,mm/dd/yyyy,24 Hour (13:30),(GMT+05:30) Asia/Kolkata,True,True,False,True,Active,2026-06-08 00:00:00
USR00363,Vikram Pawar,user0363,user0363@aismartpharmacy.example,9704145800,Inventory Manager,Male,Hindi,mm/dd/yyyy,24 Hour (13:30),(GMT+05:30) Asia/Kolkata,True,True,False,True,Inactive,2026-07-23 00:00:00
USR00364,Anjali Patil,user0364,user0364@aismartpharmacy.example,9688375406,Pharmacist,Female,English,mm/dd/yyyy,12 Hour (01:30 PM),(GMT+05:30) Asia/Kolkata,True,False,True,True,Inactive,2026-07-22 00:00:00
USR00365,Vikram Shah,user0365,user0365@aismartpharmacy.example,9187533093,Inventory Manager,Male,Hindi,mm/dd/yyyy,24 Hour (13:30),(GMT+05:30) Asia/Kolkata,False,False,False,True,Inactive,2026-06-07 00:00:00
USR00366,Neha Joshi,user0366,user0366@aismartpharmacy.example,9120342649,Administrator,Female,English,mm/dd/yyyy,24 Hour (13:30),(GMT+05:30) Asia/Kolkata,True,True,False,True,Inactive,2026-06-04 00:00:00
USR00367,Nikhil Mishra,user0367,user0367@aismartpharmacy.example,9308027356,Pharmacist,Male,Hindi,dd/mm/yyyy,24 Hour (13:30),(GMT+05:30) Asia/Kolkata,False,False,True,True,Active,2026-07-04 00:00:00
USR00368,Sneha Sharma,user0368,user0368@aismartpharmacy.example,9739239872,Pharmacy Manager,Female,English,dd/mm/yyyy,24 Hour (13:30),(GMT+05:30) Asia/Kolkata,False,False,False,True,Inactive,2026-07-24 00:00:00
USR00369,Rohit Joshi,user0369,user0369@aismartpharmacy.example,9356846305,Pharmacy Manager,Male,English,mm/dd/yyyy,12 Hour (01:30 PM),(GMT+05:30) Asia/Kolkata,True,True,False,False,Active,2026-06-10 00:00:00
USR00370,Sneha Verma,user0370,user0370@aismartpharmacy.example,9544279752,Receptionist,Female,Hindi,mm/dd/yyyy,24 Hour (13:30),(GMT+05:30) Asia/Kolkata,True,True,True,True,Inactive,2026-07-26 00:00:00
USR00371,Pranav Desai,user0371,user0371@aismartpharmacy.example,9482040393,Doctor,Male,Marathi,dd/mm/yyyy,24 Hour (13:30),(GMT+05:30) Asia/Kolkata,True,False,False,False,Inactive,2026-07-10 00:00:00
USR00372,Neha Desai,user0372,user0372@aismartpharmacy.example,9590595668,Pharmacy Manager,Female,English,yyyy-mm-dd,12 Hour (01:30 PM),(GMT+05:30) Asia/Kolkata,False,False,True,True,Inactive,2026-06-15 00:00:00
USR00373,Arjun Mehta,user0373,user0373@aismartpharmacy.example,9108285313,Pharmacist,Male,Hindi,yyyy-mm-dd,24 Hour (13:30),(GMT+05:30) Asia/Kolkata,False,True,False,True,Inactive,2026-07-02 00:00:00
USR00374,Sneha Yadav,user0374,user0374@aismartpharmacy.example,9176233517,Pharmacy Manager,Female,English,yyyy-mm-dd,12 Hour (01:30 PM),(GMT+05:30) Asia/Kolkata,False,False,True,True,Active,2026-07-08 00:00:00
USR00375,Ankit Yadav,user0375,user0375@aismartpharmacy.example,9301458996,Inventory Manager,Male,English,yyyy-mm-dd,12 Hour (01:30 PM),(GMT+05:30) Asia/Kolkata,True,False,False,False,Inactive,2026-07-26 00:00:00
USR00376,Divya Mishra,user0376,user0376@aismartpharmacy.example,9549472007,Doctor,Female,Hindi,dd/mm/yyyy,24 Hour (13:30),(GMT+05:30) Asia/Kolkata,False,True,True,True,Active,2026-07-29 00:00:00
USR00377,Vikram Singh,user0377,user0377@aismartpharmacy.example,9289663149,Receptionist,Male,Marathi,mm/dd/yyyy,24 Hour (13:30),(GMT+05:30) Asia/Kolkata,False,False,True,True,Active,2026-06-15 00:00:00
USR00378,Priya Singh,user0378,user0378@aismartpharmacy.example,9173899194,Administrator,Female,English,mm/dd/yyyy,24 Hour (13:30),(GMT+05:30) Asia/Kolkata,True,False,True,True,Active,2026-07-19 00:00:00
USR00379,Rohit Desai,user0379,user0379@aismartpharmacy.example,9931816413,Doctor,Male,Marathi,dd/mm/yyyy,12 Hour (01:30 PM),(GMT+05:30) Asia/Kolkata,False,True,True,True,Inactive,2026-07-01 00:00:00
USR00380,Isha Yadav,user0380,user0380@aismartpharmacy.example,9495463949,Administrator,Female,Hindi,dd/mm/yyyy,24 Hour (13:30),(GMT+05:30) Asia/Kolkata,True,True,False,True,Inactive,2026-06-12 00:00:00
USR00381,Rohit Patil,user0381,user0381@aismartpharmacy.example,9584082764,Receptionist,Male,English,yyyy-mm-dd,12 Hour (01:30 PM),(GMT+05:30) Asia/Kolkata,True,False,True,False,Inactive,2026-07-28 00:00:00
USR00382,Sneha Mishra,user0382,user0382@aismartpharmacy.example,9297499952,Doctor,Female,Marathi,yyyy-mm-dd,12 Hour (01:30 PM),(GMT+05:30) Asia/Kolkata,True,True,False,True,Inactive,2026-06-20 00:00:00
USR00383,Deepak Mishra,user0383,user0383@aismartpharmacy.example,9678829360,Doctor,Male,Hindi,yyyy-mm-dd,12 Hour (01:30 PM),(GMT+05:30) Asia/Kolkata,False,False,False,False,Active,2026-07-09 00:00:00
USR00384,Nisha Mehta,user0384,user0384@aismartpharmacy.example,9629978225,Administrator,Female,English,yyyy-mm-dd,12 Hour (01:30 PM),(GMT+05:30) Asia/Kolkata,True,True,True,False,Inactive,2026-06-04 00:00:00
USR00385,Deepak Shah,user0385,user0385@aismartpharmacy.example,9190153750,Receptionist,Male,Marathi,yyyy-mm-dd,12 Hour (01:30 PM),(GMT+05:30) Asia/Kolkata,True,True,False,True,Inactive,2026-07-13 00:00:00
USR00386,Shreya Joshi,user0386,user0386@aismartpharmacy.example,9129989456,Inventory Manager,Female,Marathi,yyyy-mm-dd,24 Hour (13:30),(GMT+05:30) Asia/Kolkata,False,True,False,False,Inactive,2026-06-02 00:00:00
USR00387,Deepak Gupta,user0387,user0387@aismartpharmacy.example,9989095454,Pharmacy Manager,Male,Marathi,mm/dd/yyyy,12 Hour (01:30 PM),(GMT+05:30) Asia/Kolkata,False,False,True,False,Inactive,2026-06-06 00:00:00
USR00388,Kavita Sharma,user0388,user0388@aismartpharmacy.example,9719065109,Doctor,Female,Hindi,dd/mm/yyyy,12 Hour (01:30 PM),(GMT+05:30) Asia/Kolkata,False,False,False,True,Active,2026-07-03 00:00:00
USR00389,Amit Shah,user0389,user0389@aismartpharmacy.example,9810428439,Pharmacy Manager,Male,Hindi,dd/mm/yyyy,12 Hour (01:30 PM),(GMT+05:30) Asia/Kolkata,False,True,True,False,Active,2026-06-14 00:00:00
USR00390,Sneha Sharma,user0390,user0390@aismartpharmacy.example,9751078311,Pharmacy Manager,Female,Hindi,dd/mm/yyyy,12 Hour (01:30 PM),(GMT+05:30) Asia/Kolkata,False,True,True,False,Active,2026-07-28 00:00:00
USR00391,Deepak Patil,user0391,user0391@aismartpharmacy.example,9245958019,Receptionist,Male,Marathi,mm/dd/yyyy,12 Hour (01:30 PM),(GMT+05:30) Asia/Kolkata,True,False,False,False,Inactive,2026-06-07 00:00:00
USR00392,Simran Yadav,user0392,user0392@aismartpharmacy.example,9153421339,Pharmacist,Female,Hindi,yyyy-mm-dd,24 Hour (13:30),(GMT+05:30) Asia/Kolkata,True,False,True,True,Active,2026-06-25 00:00:00
USR00393,Arjun Desai,user0393,user0393@aismartpharmacy.example,9795225867,Administrator,Male,Marathi,yyyy-mm-dd,24 Hour (13:30),(GMT+05:30) Asia/Kolkata,False,False,True,False,Inactive,2026-07-19 00:00:00
USR00394,Shreya Gupta,user0394,user0394@aismartpharmacy.example,9738474936,Doctor,Female,Hindi,yyyy-mm-dd,12 Hour (01:30 PM),(GMT+05:30) Asia/Kolkata,True,True,True,False,Active,2026-07-18 00:00:00
USR00395,Arjun Desai,user0395,user0395@aismartpharmacy.example,9357867826,Administrator,Male,Marathi,yyyy-mm-dd,24 Hour (13:30),(GMT+05:30) Asia/Kolkata,False,True,False,True,Active,2026-06-30 00:00:00
USR00396,Kavita Mehta,user0396,user0396@aismartpharmacy.example,9555712924,Receptionist,Female,Marathi,mm/dd/yyyy,24 Hour (13:30),(GMT+05:30) Asia/Kolkata,False,True,False,True,Active,2026-06-15 00:00:00
USR00397,Amit Joshi,user0397,user0397@aismartpharmacy.example,9880544094,Receptionist,Male,Hindi,yyyy-mm-dd,24 Hour (13:30),(GMT+05:30) Asia/Kolkata,False,False,False,True,Inactive,2026-06-06 00:00:00
USR00398,Nisha Jain,user0398,user0398@aismartpharmacy.example,9768888999,Administrator,Female,Marathi,mm/dd/yyyy,24 Hour (13:30),(GMT+05:30) Asia/Kolkata,True,True,False,False,Inactive,2026-06-13 00:00:00
USR00399,Amit Verma,user0399,user0399@aismartpharmacy.example,9476526835,Pharmacy Manager,Male,English,dd/mm/yyyy,12 Hour (01:30 PM),(GMT+05:30) Asia/Kolkata,True,False,False,False,Active,2026-07-22 00:00:00
USR00400,Riya Yadav,user0400,user0400@aismartpharmacy.example,9627102549,Pharmacist,Female,Marathi,dd/mm/yyyy,24 Hour (13:30),(GMT+05:30) Asia/Kolkata,True,True,False,True,Active,2026-07-18 00:00:00
USR00401,Akash Mehta,user0401,user0401@aismartpharmacy.example,9363405704,Inventory Manager,Male,Hindi,yyyy-mm-dd,12 Hour (01:30 PM),(GMT+05:30) Asia/Kolkata,True,False,False,True,Inactive,2026-07-08 00:00:00
USR00402,Anjali Patil,user0402,user0402@aismartpharmacy.example,9453716367,Doctor,Female,English,mm/dd/yyyy,12 Hour (01:30 PM),(GMT+05:30) Asia/Kolkata,True,True,False,False,Inactive,2026-07-01 00:00:00
USR00403,Nikhil Mehta,user0403,user0403@aismartpharmacy.example,9222123506,Pharmacy Manager,Male,Marathi,dd/mm/yyyy,24 Hour (13:30),(GMT+05:30) Asia/Kolkata,True,False,False,True,Inactive,2026-07-17 00:00:00
USR00404,Nisha Verma,user0404,user0404@aismartpharmacy.example,9959684476,Pharmacy Manager,Female,English,yyyy-mm-dd,12 Hour (01:30 PM),(GMT+05:30) Asia/Kolkata,True,False,False,False,Inactive,2026-06-04 00:00:00
USR00405,Pranav Sharma,user0405,user0405@aismartpharmacy.example,9951708968,Pharmacy Manager,Male,Marathi,yyyy-mm-dd,24 Hour (13:30),(GMT+05:30) Asia/Kolkata,False,False,True,False,Inactive,2026-07-01 00:00:00
USR00406,Isha Kulkarni,user0406,user0406@aismartpharmacy.example,9631447066,Administrator,Female,Hindi,yyyy-mm-dd,12 Hour (01:30 PM),(GMT+05:30) Asia/Kolkata,False,False,True,True,Active,2026-06-19 00:00:00
USR00407,Rohit Patil,user0407,user0407@aismartpharmacy.example,9424065428,Administrator,Male,Hindi,dd/mm/yyyy,24 Hour (13:30),(GMT+05:30) Asia/Kolkata,True,True,True,False,Inactive,2026-07-09 00:00:00
USR00408,Priya Mishra,user0408,user0408@aismartpharmacy.example,9730941965,Pharmacy Manager,Female,Hindi,dd/mm/yyyy,12 Hour (01:30 PM),(GMT+05:30) Asia/Kolkata,False,True,True,False,Inactive,2026-07-03 00:00:00
USR00409,Akash Gupta,user0409,user0409@aismartpharmacy.example,9548507720,Pharmacy Manager,Male,Marathi,mm/dd/yyyy,12 Hour (01:30 PM),(GMT+05:30) Asia/Kolkata,True,True,False,False,Inactive,2026-07-31 00:00:00
USR00410,Megha Kumar,user0410,user0410@aismartpharmacy.example,9676714376,Doctor,Female,Hindi,dd/mm/yyyy,24 Hour (13:30),(GMT+05:30) Asia/Kolkata,False,True,False,False,Active,2026-07-28 00:00:00
USR00411,Ankit Pawar,user0411,user0411@aismartpharmacy.example,9172433432,Pharmacist,Male,Hindi,dd/mm/yyyy,24 Hour (13:30),(GMT+05:30) Asia/Kolkata,False,False,True,False,Inactive,2026-06-08 00:00:00
USR00412,Nisha Verma,user0412,user0412@aismartpharmacy.example,9223192647,Pharmacist,Female,English,yyyy-mm-dd,12 Hour (01:30 PM),(GMT+05:30) Asia/Kolkata,False,True,True,True,Active,2026-07-08 00:00:00
USR00413,Aditya Gupta,user0413,user0413@aismartpharmacy.example,9325633104,Inventory Manager,Male,Hindi,yyyy-mm-dd,12 Hour (01:30 PM),(GMT+05:30) Asia/Kolkata,True,True,False,False,Active,2026-06-07 00:00:00
USR00414,Anjali Singh,user0414,user0414@aismartpharmacy.example,9591833419,Doctor,Female,Hindi,dd/mm/yyyy,12 Hour (01:30 PM),(GMT+05:30) Asia/Kolkata,False,False,True,False,Active,2026-07-12 00:00:00
USR00415,Deepak Gupta,user0415,user0415@aismartpharmacy.example,9447177631,Doctor,Male,Hindi,dd/mm/yyyy,12 Hour (01:30 PM),(GMT+05:30) Asia/Kolkata,True,True,True,False,Inactive,2026-06-11 00:00:00
USR00416,Riya Shah,user0416,user0416@aismartpharmacy.example,9861492542,Administrator,Female,English,dd/mm/yyyy,12 Hour (01:30 PM),(GMT+05:30) Asia/Kolkata,False,True,False,True,Inactive,2026-07-16 00:00:00
USR00417,Akash Singh,user0417,user0417@aismartpharmacy.example,9345966210,Doctor,Male,Hindi,mm/dd/yyyy,12 Hour (01:30 PM),(GMT+05:30) Asia/Kolkata,False,False,False,True,Active,2026-07-05 00:00:00
USR00418,Priya Yadav,user0418,user0418@aismartpharmacy.example,9949769651,Pharmacy Manager,Female,Marathi,yyyy-mm-dd,12 Hour (01:30 PM),(GMT+05:30) Asia/Kolkata,True,False,False,True,Inactive,2026-07-19 00:00:00
USR00419,Arjun Verma,user0419,user0419@aismartpharmacy.example,9180056716,Doctor,Male,Marathi,yyyy-mm-dd,12 Hour (01:30 PM),(GMT+05:30) Asia/Kolkata,True,True,True,True,Inactive,2026-06-21 00:00:00
USR00420,Sneha Joshi,user0420,user0420@aismartpharmacy.example,9462875231,Receptionist,Female,English,mm/dd/yyyy,12 Hour (01:30 PM),(GMT+05:30) Asia/Kolkata,False,False,False,True,Inactive,2026-07-14 00:00:00
USR00421,Amit Patil,user0421,user0421@aismartpharmacy.example,9334432116,Administrator,Male,English,mm/dd/yyyy,24 Hour (13:30),(GMT+05:30) Asia/Kolkata,False,True,True,False,Active,2026-07-10 00:00:00
USR00422,Swati Desai,user0422,user0422@aismartpharmacy.example,9848014095,Doctor,Female,Marathi,dd/mm/yyyy,24 Hour (13:30),(GMT+05:30) Asia/Kolkata,True,False,False,True,Active,2026-06-16 00:00:00
USR00423,Arjun Verma,user0423,user0423@aismartpharmacy.example,9892125606,Doctor,Male,Marathi,dd/mm/yyyy,12 Hour (01:30 PM),(GMT+05:30) Asia/Kolkata,True,True,True,False,Active,2026-06-25 00:00:00
USR00424,Nisha Jain,user0424,user0424@aismartpharmacy.example,9752410123,Doctor,Female,Marathi,dd/mm/yyyy,24 Hour (13:30),(GMT+05:30) Asia/Kolkata,True,False,True,True,Active,2026-06-09 00:00:00
USR00425,Nikhil Gupta,user0425,user0425@aismartpharmacy.example,9844497586,Administrator,Male,Hindi,yyyy-mm-dd,12 Hour (01:30 PM),(GMT+05:30) Asia/Kolkata,True,False,True,False,Inactive,2026-07-22 00:00:00
USR00426,Priya Jain,user0426,user0426@aismartpharmacy.example,9229607386,Pharmacy Manager,Female,Marathi,dd/mm/yyyy,12 Hour (01:30 PM),(GMT+05:30) Asia/Kolkata,False,False,True,True,Active,2026-06-22 00:00:00
USR00427,Pranav Kumar,user0427,user0427@aismartpharmacy.example,9794283736,Doctor,Male,Marathi,mm/dd/yyyy,24 Hour (13:30),(GMT+05:30) Asia/Kolkata,False,False,False,False,Active,2026-06-17 00:00:00
USR00428,Asha Verma,user0428,user0428@aismartpharmacy.example,9597519473,Pharmacy Manager,Female,Marathi,dd/mm/yyyy,12 Hour (01:30 PM),(GMT+05:30) Asia/Kolkata,False,False,False,True,Inactive,2026-07-12 00:00:00
USR00429,Rohit Pawar,user0429,user0429@aismartpharmacy.example,9786404877,Inventory Manager,Male,English,mm/dd/yyyy,12 Hour (01:30 PM),(GMT+05:30) Asia/Kolkata,True,True,True,True,Active,2026-07-19 00:00:00
USR00430,Priya Kumar,user0430,user0430@aismartpharmacy.example,9437847928,Pharmacy Manager,Female,English,dd/mm/yyyy,24 Hour (13:30),(GMT+05:30) Asia/Kolkata,False,True,True,False,Active,2026-06-27 00:00:00
USR00431,Rohit Jain,user0431,user0431@aismartpharmacy.example,9868010430,Pharmacist,Male,Marathi,dd/mm/yyyy,12 Hour (01:30 PM),(GMT+05:30) Asia/Kolkata,False,False,True,False,Inactive,2026-06-08 00:00:00
USR00432,Sneha Kulkarni,user0432,user0432@aismartpharmacy.example,9360593000,Pharmacy Manager,Female,English,dd/mm/yyyy,24 Hour (13:30),(GMT+05:30) Asia/Kolkata,True,False,True,True,Inactive,2026-07-03 00:00:00
USR00433,Ankit Sharma,user0433,user0433@aismartpharmacy.example,9973534677,Receptionist,Male,Hindi,mm/dd/yyyy,12 Hour (01:30 PM),(GMT+05:30) Asia/Kolkata,False,True,True,False,Inactive,2026-06-16 00:00:00
USR00434,Riya Jain,user0434,user0434@aismartpharmacy.example,9604407261,Doctor,Female,English,yyyy-mm-dd,24 Hour (13:30),(GMT+05:30) Asia/Kolkata,False,True,True,True,Inactive,2026-06-20 00:00:00
USR00435,Arjun Verma,user0435,user0435@aismartpharmacy.example,9952005232,Doctor,Male,Marathi,dd/mm/yyyy,12 Hour (01:30 PM),(GMT+05:30) Asia/Kolkata,True,True,True,False,Active,2026-07-30 00:00:00
USR00436,Isha Kulkarni,user0436,user0436@aismartpharmacy.example,9974429055,Inventory Manager,Female,Marathi,mm/dd/yyyy,12 Hour (01:30 PM),(GMT+05:30) Asia/Kolkata,False,False,True,False,Inactive,2026-07-20 00:00:00
USR00437,Karan Gupta,user0437,user0437@aismartpharmacy.example,9410676114,Pharmacist,Male,Hindi,yyyy-mm-dd,12 Hour (01:30 PM),(GMT+05:30) Asia/Kolkata,True,False,False,True,Inactive,2026-06-17 00:00:00
USR00438,Neha Patil,user0438,user0438@aismartpharmacy.example,9696518444,Administrator,Female,English,yyyy-mm-dd,12 Hour (01:30 PM),(GMT+05:30) Asia/Kolkata,True,False,True,True,Inactive,2026-06-26 00:00:00
USR00439,Akash Desai,user0439,user0439@aismartpharmacy.example,9654021624,Pharmacist,Male,Hindi,yyyy-mm-dd,12 Hour (01:30 PM),(GMT+05:30) Asia/Kolkata,False,True,True,False,Inactive,2026-06-12 00:00:00
USR00440,Shreya Patil,user0440,user0440@aismartpharmacy.example,9184904245,Inventory Manager,Female,Marathi,yyyy-mm-dd,24 Hour (13:30),(GMT+05:30) Asia/Kolkata,True,True,True,False,Active,2026-06-18 00:00:00
USR00441,Amit Kulkarni,user0441,user0441@aismartpharmacy.example,9305266334,Doctor,Male,English,mm/dd/yyyy,24 Hour (13:30),(GMT+05:30) Asia/Kolkata,True,False,True,False,Active,2026-06-30 00:00:00
USR00442,Simran Gupta,user0442,user0442@aismartpharmacy.example,9106581984,Administrator,Female,Marathi,yyyy-mm-dd,24 Hour (13:30),(GMT+05:30) Asia/Kolkata,False,False,True,False,Inactive,2026-07-07 00:00:00
USR00443,Nikhil Desai,user0443,user0443@aismartpharmacy.example,9856289388,Receptionist,Male,English,dd/mm/yyyy,12 Hour (01:30 PM),(GMT+05:30) Asia/Kolkata,True,False,False,True,Inactive,2026-06-26 00:00:00
USR00444,Pooja Pawar,user0444,user0444@aismartpharmacy.example,9485468639,Doctor,Female,Marathi,dd/mm/yyyy,12 Hour (01:30 PM),(GMT+05:30) Asia/Kolkata,False,False,False,True,Active,2026-06-09 00:00:00
USR00445,Deepak Mishra,user0445,user0445@aismartpharmacy.example,9302860170,Administrator,Male,English,yyyy-mm-dd,24 Hour (13:30),(GMT+05:30) Asia/Kolkata,True,False,False,True,Inactive,2026-07-18 00:00:00
USR00446,Shreya Pawar,user0446,user0446@aismartpharmacy.example,9480520431,Pharmacist,Female,Marathi,yyyy-mm-dd,12 Hour (01:30 PM),(GMT+05:30) Asia/Kolkata,True,False,False,False,Inactive,2026-07-25 00:00:00
USR00447,Akash Patil,user0447,user0447@aismartpharmacy.example,9966173516,Receptionist,Male,English,mm/dd/yyyy,24 Hour (13:30),(GMT+05:30) Asia/Kolkata,True,False,True,False,Active,2026-06-30 00:00:00
USR00448,Anjali Joshi,user0448,user0448@aismartpharmacy.example,9252860601,Pharmacy Manager,Female,English,mm/dd/yyyy,12 Hour (01:30 PM),(GMT+05:30) Asia/Kolkata,False,False,False,True,Active,2026-06-05 00:00:00
USR00449,Deepak Kulkarni,user0449,user0449@aismartpharmacy.example,9285208823,Pharmacy Manager,Male,Marathi,yyyy-mm-dd,12 Hour (01:30 PM),(GMT+05:30) Asia/Kolkata,True,True,False,True,Active,2026-07-09 00:00:00
USR00450,Divya Singh,user0450,user0450@aismartpharmacy.example,9824502504,Receptionist,Female,Marathi,yyyy-mm-dd,24 Hour (13:30),(GMT+05:30) Asia/Kolkata,True,True,True,True,Inactive,2026-06-14 00:00:00
USR00451,Arjun Shah,user0451,user0451@aismartpharmacy.example,9554312613,Pharmacy Manager,Male,Hindi,dd/mm/yyyy,12 Hour (01:30 PM),(GMT+05:30) Asia/Kolkata,True,False,True,True,Active,2026-06-04 00:00:00
USR00452,Priya Kumar,user0452,user0452@aismartpharmacy.example,9641024787,Receptionist,Female,English,dd/mm/yyyy,12 Hour (01:30 PM),(GMT+05:30) Asia/Kolkata,False,False,False,True,Active,2026-07-16 00:00:00
USR00453,Deepak Jain,user0453,user0453@aismartpharmacy.example,9671818122,Pharmacist,Male,Marathi,dd/mm/yyyy,12 Hour (01:30 PM),(GMT+05:30) Asia/Kolkata,False,False,False,True,Active,2026-06-03 00:00:00
USR00454,Priya Verma,user0454,user0454@aismartpharmacy.example,9172716246,Inventory Manager,Female,English,mm/dd/yyyy,12 Hour (01:30 PM),(GMT+05:30) Asia/Kolkata,False,True,True,False,Active,2026-07-23 00:00:00
USR00455,Nikhil Singh,user0455,user0455@aismartpharmacy.example,9553824186,Pharmacist,Male,Hindi,yyyy-mm-dd,24 Hour (13:30),(GMT+05:30) Asia/Kolkata,False,True,True,True,Inactive,2026-06-25 00:00:00
USR00456,Nisha Shah,user0456,user0456@aismartpharmacy.example,9613514110,Pharmacist,Female,English,yyyy-mm-dd,12 Hour (01:30 PM),(GMT+05:30) Asia/Kolkata,True,False,True,False,Inactive,2026-07-15 00:00:00
USR00457,Sanjay Pawar,user0457,user0457@aismartpharmacy.example,9320042759,Doctor,Male,Hindi,dd/mm/yyyy,12 Hour (01:30 PM),(GMT+05:30) Asia/Kolkata,True,False,False,True,Active,2026-06-10 00:00:00
USR00458,Priya Singh,user0458,user0458@aismartpharmacy.example,9524233552,Pharmacist,Female,English,dd/mm/yyyy,24 Hour (13:30),(GMT+05:30) Asia/Kolkata,True,True,True,True,Inactive,2026-07-08 00:00:00
USR00459,Arjun Pawar,user0459,user0459@aismartpharmacy.example,9588783380,Inventory Manager,Male,Hindi,dd/mm/yyyy,12 Hour (01:30 PM),(GMT+05:30) Asia/Kolkata,False,True,True,True,Inactive,2026-07-04 00:00:00
USR00460,Megha Mishra,user0460,user0460@aismartpharmacy.example,9843511315,Receptionist,Female,English,yyyy-mm-dd,12 Hour (01:30 PM),(GMT+05:30) Asia/Kolkata,False,False,True,False,Inactive,2026-06-30 00:00:00
USR00461,Karan Joshi,user0461,user0461@aismartpharmacy.example,9889790746,Receptionist,Male,Hindi,dd/mm/yyyy,12 Hour (01:30 PM),(GMT+05:30) Asia/Kolkata,False,False,True,True,Active,2026-06-23 00:00:00
USR00462,Asha Mehta,user0462,user0462@aismartpharmacy.example,9672337763,Inventory Manager,Female,English,yyyy-mm-dd,24 Hour (13:30),(GMT+05:30) Asia/Kolkata,True,True,False,False,Active,2026-07-29 00:00:00
USR00463,Rohit Gupta,user0463,user0463@aismartpharmacy.example,9225530174,Inventory Manager,Male,Hindi,mm/dd/yyyy,24 Hour (13:30),(GMT+05:30) Asia/Kolkata,False,True,False,True,Inactive,2026-07-24 00:00:00
USR00464,Asha Kumar,user0464,user0464@aismartpharmacy.example,9836147716,Pharmacist,Female,Hindi,yyyy-mm-dd,24 Hour (13:30),(GMT+05:30) Asia/Kolkata,False,True,True,True,Inactive,2026-06-05 00:00:00
USR00465,Aditya Yadav,user0465,user0465@aismartpharmacy.example,9442521853,Inventory Manager,Male,Hindi,yyyy-mm-dd,12 Hour (01:30 PM),(GMT+05:30) Asia/Kolkata,True,False,True,False,Active,2026-07-29 00:00:00
USR00466,Kavita Jain,user0466,user0466@aismartpharmacy.example,9399496306,Doctor,Female,Marathi,dd/mm/yyyy,12 Hour (01:30 PM),(GMT+05:30) Asia/Kolkata,True,False,True,False,Inactive,2026-07-30 00:00:00
USR00467,Karan Patil,user0467,user0467@aismartpharmacy.example,9654654350,Doctor,Male,Hindi,mm/dd/yyyy,12 Hour (01:30 PM),(GMT+05:30) Asia/Kolkata,True,True,False,True,Inactive,2026-07-19 00:00:00
USR00468,Simran Kumar,user0468,user0468@aismartpharmacy.example,9805158768,Doctor,Female,English,dd/mm/yyyy,24 Hour (13:30),(GMT+05:30) Asia/Kolkata,False,False,False,True,Inactive,2026-07-14 00:00:00
USR00469,Rohit Jain,user0469,user0469@aismartpharmacy.example,9915314833,Pharmacist,Male,Hindi,yyyy-mm-dd,24 Hour (13:30),(GMT+05:30) Asia/Kolkata,False,False,True,True,Active,2026-06-13 00:00:00
USR00470,Swati Sharma,user0470,user0470@aismartpharmacy.example,9894855849,Pharmacist,Female,Hindi,dd/mm/yyyy,12 Hour (01:30 PM),(GMT+05:30) Asia/Kolkata,False,True,False,False,Active,2026-07-24 00:00:00
USR00471,Ankit Verma,user0471,user0471@aismartpharmacy.example,9416802330,Receptionist,Male,English,yyyy-mm-dd,24 Hour (13:30),(GMT+05:30) Asia/Kolkata,False,False,True,False,Active,2026-06-01 00:00:00
USR00472,Swati Sharma,user0472,user0472@aismartpharmacy.example,9845237218,Doctor,Female,Marathi,mm/dd/yyyy,24 Hour (13:30),(GMT+05:30) Asia/Kolkata,False,True,False,False,Inactive,2026-07-22 00:00:00
USR00473,Karan Verma,user0473,user0473@aismartpharmacy.example,9926341953,Doctor,Male,Hindi,mm/dd/yyyy,12 Hour (01:30 PM),(GMT+05:30) Asia/Kolkata,False,False,False,True,Active,2026-06-10 00:00:00
USR00474,Priya Mehta,user0474,user0474@aismartpharmacy.example,9639105020,Receptionist,Female,Hindi,dd/mm/yyyy,12 Hour (01:30 PM),(GMT+05:30) Asia/Kolkata,True,True,False,False,Active,2026-06-17 00:00:00
USR00475,Rohit Kulkarni,user0475,user0475@aismartpharmacy.example,9415419900,Pharmacy Manager,Male,English,mm/dd/yyyy,12 Hour (01:30 PM),(GMT+05:30) Asia/Kolkata,True,False,False,False,Inactive,2026-06-19 00:00:00
USR00476,Swati Singh,user0476,user0476@aismartpharmacy.example,9745017365,Administrator,Female,English,dd/mm/yyyy,12 Hour (01:30 PM),(GMT+05:30) Asia/Kolkata,False,True,True,False,Inactive,2026-06-22 00:00:00
USR00477,Manish Jain,user0477,user0477@aismartpharmacy.example,9895305823,Inventory Manager,Male,Marathi,yyyy-mm-dd,12 Hour (01:30 PM),(GMT+05:30) Asia/Kolkata,False,False,True,False,Inactive,2026-07-30 00:00:00
USR00478,Pooja Mishra,user0478,user0478@aismartpharmacy.example,9666287551,Pharmacist,Female,English,yyyy-mm-dd,12 Hour (01:30 PM),(GMT+05:30) Asia/Kolkata,True,True,False,False,Active,2026-07-23 00:00:00
USR00479,Sanjay Mehta,user0479,user0479@aismartpharmacy.example,9974102695,Doctor,Male,Hindi,yyyy-mm-dd,24 Hour (13:30),(GMT+05:30) Asia/Kolkata,False,True,True,True,Inactive,2026-07-08 00:00:00
USR00480,Nisha Mehta,user0480,user0480@aismartpharmacy.example,9977117768,Receptionist,Female,English,dd/mm/yyyy,12 Hour (01:30 PM),(GMT+05:30) Asia/Kolkata,False,True,False,False,Active,2026-06-15 00:00:00
USR00481,Deepak Verma,user0481,user0481@aismartpharmacy.example,9480211687,Receptionist,Male,Marathi,mm/dd/yyyy,24 Hour (13:30),(GMT+05:30) Asia/Kolkata,True,False,True,False,Active,2026-07-11 00:00:00
USR00482,Sneha Jain,user0482,user0482@aismartpharmacy.example,9797291819,Administrator,Female,English,dd/mm/yyyy,12 Hour (01:30 PM),(GMT+05:30) Asia/Kolkata,True,False,False,True,Active,2026-07-24 00:00:00
USR00483,Manish Mishra,user0483,user0483@aismartpharmacy.example,9129011427,Administrator,Male,English,dd/mm/yyyy,24 Hour (13:30),(GMT+05:30) Asia/Kolkata,True,False,True,True,Inactive,2026-06-20 00:00:00
USR00484,Nisha Patil,user0484,user0484@aismartpharmacy.example,9156648545,Pharmacist,Female,Hindi,dd/mm/yyyy,12 Hour (01:30 PM),(GMT+05:30) Asia/Kolkata,True,False,False,True,Inactive,2026-06-11 00:00:00
USR00485,Pranav Joshi,user0485,user0485@aismartpharmacy.example,9802211936,Pharmacy Manager,Male,Marathi,mm/dd/yyyy,12 Hour (01:30 PM),(GMT+05:30) Asia/Kolkata,False,True,False,False,Active,2026-07-24 00:00:00
USR00486,Divya Desai,user0486,user0486@aismartpharmacy.example,9216681129,Administrator,Female,Hindi,yyyy-mm-dd,24 Hour (13:30),(GMT+05:30) Asia/Kolkata,False,True,False,True,Inactive,2026-06-07 00:00:00
USR00487,Deepak Gupta,user0487,user0487@aismartpharmacy.example,9437781533,Pharmacy Manager,Male,Hindi,mm/dd/yyyy,12 Hour (01:30 PM),(GMT+05:30) Asia/Kolkata,False,True,False,True,Active,2026-07-14 00:00:00
USR00488,Divya Shah,user0488,user0488@aismartpharmacy.example,9723338808,Administrator,Female,Hindi,dd/mm/yyyy,12 Hour (01:30 PM),(GMT+05:30) Asia/Kolkata,True,True,True,False,Inactive,2026-06-24 00:00:00
USR00489,Sanjay Mishra,user0489,user0489@aismartpharmacy.example,9473461275,Inventory Manager,Male,English,yyyy-mm-dd,12 Hour (01:30 PM),(GMT+05:30) Asia/Kolkata,False,True,True,False,Active,2026-06-02 00:00:00
USR00490,Megha Joshi,user0490,user0490@aismartpharmacy.example,9439465903,Pharmacist,Female,Hindi,yyyy-mm-dd,12 Hour (01:30 PM),(GMT+05:30) Asia/Kolkata,False,True,False,False,Inactive,2026-06-03 00:00:00
USR00491,Vikram Gupta,user0491,user0491@aismartpharmacy.example,9294169144,Doctor,Male,Marathi,yyyy-mm-dd,24 Hour (13:30),(GMT+05:30) Asia/Kolkata,False,False,False,False,Inactive,2026-06-12 00:00:00
USR00492,Swati Singh,user0492,user0492@aismartpharmacy.example,9707194295,Receptionist,Female,Hindi,yyyy-mm-dd,12 Hour (01:30 PM),(GMT+05:30) Asia/Kolkata,True,False,False,False,Active,2026-07-28 00:00:00
USR00493,Karan Sharma,user0493,user0493@aismartpharmacy.example,9515035686,Inventory Manager,Male,Marathi,yyyy-mm-dd,12 Hour (01:30 PM),(GMT+05:30) Asia/Kolkata,False,False,False,True,Inactive,2026-07-08 00:00:00
USR00494,Megha Gupta,user0494,user0494@aismartpharmacy.example,9961491873,Pharmacy Manager,Female,Hindi,mm/dd/yyyy,12 Hour (01:30 PM),(GMT+05:30) Asia/Kolkata,False,False,False,True,Active,2026-07-23 00:00:00
USR00495,Amit Sharma,user0495,user0495@aismartpharmacy.example,9372906197,Pharmacist,Male,Hindi,dd/mm/yyyy,24 Hour (13:30),(GMT+05:30) Asia/Kolkata,False,False,True,False,Active,2026-07-26 00:00:00
USR00496,Megha Desai,user0496,user0496@aismartpharmacy.example,9164904013,Inventory Manager,Female,Marathi,dd/mm/yyyy,12 Hour (01:30 PM),(GMT+05:30) Asia/Kolkata,False,False,True,False,Active,2026-07-06 00:00:00
USR00497,Vikram Gupta,user0497,user0497@aismartpharmacy.example,9817719981,Pharmacist,Male,Marathi,mm/dd/yyyy,24 Hour (13:30),(GMT+05:30) Asia/Kolkata,True,True,False,True,Active,2026-07-23 00:00:00
USR00498,Kavita Sharma,user0498,user0498@aismartpharmacy.example,9796949508,Pharmacy Manager,Female,Marathi,yyyy-mm-dd,24 Hour (13:30),(GMT+05:30) Asia/Kolkata,True,False,False,True,Inactive,2026-06-26 00:00:00
USR00499,Manish Gupta,user0499,user0499@aismartpharmacy.example,9266745773,Administrator,Male,English,mm/dd/yyyy,12 Hour (01:30 PM),(GMT+05:30) Asia/Kolkata,False,False,False,False,Inactive,2026-06-02 00:00:00
USR00500,Megha Singh,user0500,user0500@aismartpharmacy.example,9749073655,Administrator,Female,Marathi,mm/dd/yyyy,24 Hour (13:30),(GMT+05:30) Asia/Kolkata,False,True,True,False,Active,2026-06-15 00:00:00
